point_id,session,designation,point,proposition_id,proposition_reference,proposition_title,proposition_url,committee_url,link_evidence,comparison_status
HC01AU3:1,2024/25,AU3,1,HB03165,2023/24:165,Riksrevisionens rapport om kortutbildade arbetssökandes övergång till reguljär utbildning,https://data.riksdagen.se/dokument/HB03165,https://data.riksdagen.se/dokument/HC01AU3,explicit_citation,document_level_only
HC01AU9:8,2024/25,AU9,8,HC0369,2024/25:69,Fördjupad uppföljning av arbetet med att förebygga och bekämpa mäns våld mot kvinnor,https://data.riksdagen.se/dokument/HC0369,https://data.riksdagen.se/dokument/HC01AU9,explicit_citation,document_level_only
HC01CU16:5,2024/25,CU16,5,HC0396,2024/25:96,Ny strategi för levande och trygga städer,https://data.riksdagen.se/dokument/HC0396,https://data.riksdagen.se/dokument/HC01CU16,explicit_citation,document_level_only
HC01CU17:1,2024/25,CU17,1,HC0397,2024/25:97,En ny regel om ränteskillnadsersättning - minskade hinder mot förtidsbetalning av bostadslån,https://data.riksdagen.se/dokument/HC0397,https://data.riksdagen.se/dokument/HC01CU17,explicit_citation,document_level_only
HC01CU19:1,2024/25,CU19,1,HC03132,2024/25:132,Lättnader i byggkraven för studentbostäder,https://data.riksdagen.se/dokument/HC03132,https://data.riksdagen.se/dokument/HC01CU19,explicit_citation,document_level_only
HC01CU1:1,2024/25,CU1,1,HC031,2024/25:1,Budgetpropositionen för 2025,https://data.riksdagen.se/dokument/HC031,https://data.riksdagen.se/dokument/HC01CU1,explicit_citation,document_level_only
HC01CU1:3,2024/25,CU1,3,HC031,2024/25:1,Budgetpropositionen för 2025,https://data.riksdagen.se/dokument/HC031,https://data.riksdagen.se/dokument/HC01CU1,explicit_citation,document_level_only
HC01CU2:1,2024/25,CU2,1,HB03143,2023/24:143,"Aktsamhet vid bygg-, rivnings- och markåtgärder",https://data.riksdagen.se/dokument/HB03143,https://data.riksdagen.se/dokument/HC01CU2,explicit_citation,document_level_only
HC01CU3:1,2024/25,CU3,1,HC038,2024/25:8,Bolag och brott,https://data.riksdagen.se/dokument/HC038,https://data.riksdagen.se/dokument/HC01CU3,explicit_citation,document_level_only
HC01CU4:1,2024/25,CU4,1,HC0310,2024/25:10,Tryggare hem för barn,https://data.riksdagen.se/dokument/HC0310,https://data.riksdagen.se/dokument/HC01CU4,explicit_citation,document_level_only
HC01CU5:1,2024/25,CU5,1,HC0317,2024/25:17,Ett förstärkt konsumentskydd mot riskfylld kreditgivning och överskuldsättning,https://data.riksdagen.se/dokument/HC0317,https://data.riksdagen.se/dokument/HC01CU5,explicit_citation,document_level_only
HC01CU6:1,2024/25,CU6,1,HC0342,2024/25:42,Åtgärder för en bättre bostadsförsörjning,https://data.riksdagen.se/dokument/HC0342,https://data.riksdagen.se/dokument/HC01CU6,explicit_citation,document_level_only
HC01CU6:2,2024/25,CU6,2,HC0342,2024/25:42,Åtgärder för en bättre bostadsförsörjning,https://data.riksdagen.se/dokument/HC0342,https://data.riksdagen.se/dokument/HC01CU6,explicit_citation,document_level_only
HC01FiU16:3,2024/25,FiU16,3,HC0352,2024/25:52,Riksrevisionens rapport om statens tillsyn för att motverka penningtvätt,https://data.riksdagen.se/dokument/HC0352,https://data.riksdagen.se/dokument/HC01FiU16,explicit_citation,document_level_only
HC01FiU17:8,2024/25,FiU17,8,HC0366,2024/25:66,Sveriges genomförande av Agenda 2030,https://data.riksdagen.se/dokument/HC0366,https://data.riksdagen.se/dokument/HC01FiU17,explicit_citation,document_level_only
HC01FiU1:1,2024/25,FiU1,1,HC031,2024/25:1,Budgetpropositionen för 2025,https://data.riksdagen.se/dokument/HC031,https://data.riksdagen.se/dokument/HC01FiU1,explicit_citation,document_level_only
HC01FiU1:2,2024/25,FiU1,2,HC031,2024/25:1,Budgetpropositionen för 2025,https://data.riksdagen.se/dokument/HC031,https://data.riksdagen.se/dokument/HC01FiU1,explicit_citation,document_level_only
HC01FiU1:2,2024/25,FiU1,2,HC0315,2024/25:15,Avtal mellan Sverige och Danmark om vissa skattefrågor,https://data.riksdagen.se/dokument/HC0315,https://data.riksdagen.se/dokument/HC01FiU1,explicit_citation,document_level_only
HC01FiU1:2,2024/25,FiU1,2,HC0325,2024/25:25,Utvidgat växa-stöd - nedsättning av arbetsgivaravgifterna för upp till två anställda,https://data.riksdagen.se/dokument/HC0325,https://data.riksdagen.se/dokument/HC01FiU1,explicit_citation,document_level_only
HC01FiU1:2,2024/25,FiU1,2,HC0326,2024/25:26,Avtrappat ränteavdrag för lån utan säkerhet,https://data.riksdagen.se/dokument/HC0326,https://data.riksdagen.se/dokument/HC01FiU1,explicit_citation,document_level_only
HC01FiU1:2,2024/25,FiU1,2,HC0330,2024/25:30,Sänkt skatt på bensin och diesel,https://data.riksdagen.se/dokument/HC0330,https://data.riksdagen.se/dokument/HC01FiU1,explicit_citation,document_level_only
HC01FiU1:3,2024/25,FiU1,3,HC031,2024/25:1,Budgetpropositionen för 2025,https://data.riksdagen.se/dokument/HC031,https://data.riksdagen.se/dokument/HC01FiU1,explicit_citation,document_level_only
HC01FiU1:4,2024/25,FiU1,4,HC031,2024/25:1,Budgetpropositionen för 2025,https://data.riksdagen.se/dokument/HC031,https://data.riksdagen.se/dokument/HC01FiU1,explicit_citation,document_level_only
HC01FiU1:5,2024/25,FiU1,5,HC031,2024/25:1,Budgetpropositionen för 2025,https://data.riksdagen.se/dokument/HC031,https://data.riksdagen.se/dokument/HC01FiU1,explicit_citation,document_level_only
HC01FiU1:6,2024/25,FiU1,6,HC031,2024/25:1,Budgetpropositionen för 2025,https://data.riksdagen.se/dokument/HC031,https://data.riksdagen.se/dokument/HC01FiU1,explicit_citation,document_level_only
HC01FiU20:1,2024/25,FiU20,1,HC03100,2024/25:100,2025 års ekonomiska vårproposition,https://data.riksdagen.se/dokument/HC03100,https://data.riksdagen.se/dokument/HC01FiU20,explicit_citation,document_level_only
HC01FiU20:2,2024/25,FiU20,2,HC03120,2024/25:120,Riksrevisionens rapport om tillämpningen av det finanspolitiska ramverket 2024,https://data.riksdagen.se/dokument/HC03120,https://data.riksdagen.se/dokument/HC01FiU20,explicit_citation,document_level_only
HC01FiU22:1,2024/25,FiU22,1,HC0382,2024/25:82,"Redovisning av verksamheten i Internationella valutafonden, Världsbanksgruppen samt regionala utvecklings- och investeringsbanker 2023 och 2024",https://data.riksdagen.se/dokument/HC0382,https://data.riksdagen.se/dokument/HC01FiU22,explicit_citation,document_level_only
HC01FiU32:1,2024/25,FiU32,1,HC03156,2024/25:156,Extra ändringsbudget för 2025 - Tillfälligt höjd subventionsgrad för rotavdraget,https://data.riksdagen.se/dokument/HC03156,https://data.riksdagen.se/dokument/HC01FiU32,explicit_citation,document_level_only
HC01FiU37:1,2024/25,FiU37,1,HC03138,2024/25:138,Stärkt konsumentskydd på kreditmarknaden,https://data.riksdagen.se/dokument/HC03138,https://data.riksdagen.se/dokument/HC01FiU37,explicit_citation,document_level_only
HC01FiU5:1,2024/25,FiU5,1,HC031,2024/25:1,Budgetpropositionen för 2025,https://data.riksdagen.se/dokument/HC031,https://data.riksdagen.se/dokument/HC01FiU5,explicit_citation,document_level_only
HC01FiU6:1,2024/25,FiU6,1,HB03130,2023/24:130,Redovisning av AP-fondernas verksamhet t.o.m. 2023,https://data.riksdagen.se/dokument/HB03130,https://data.riksdagen.se/dokument/HC01FiU6,explicit_citation,document_level_only
HC01FöU1:2,2024/25,FöU1,2,HC031,2024/25:1,Budgetpropositionen för 2025,https://data.riksdagen.se/dokument/HC031,https://data.riksdagen.se/dokument/HC01F%C3%B6U1,explicit_citation,document_level_only
HC01FöU2:1,2024/25,FöU2,1,HC0334,2024/25:34,Totalförsvaret 2025-2030,https://data.riksdagen.se/dokument/HC0334,https://data.riksdagen.se/dokument/HC01F%C3%B6U2,explicit_citation,document_level_only
HC01FöU2:24,2024/25,FöU2,24,HC0334,2024/25:34,Totalförsvaret 2025-2030,https://data.riksdagen.se/dokument/HC0334,https://data.riksdagen.se/dokument/HC01F%C3%B6U2,explicit_citation,document_level_only
HC01FöU2:28,2024/25,FöU2,28,HC0334,2024/25:34,Totalförsvaret 2025-2030,https://data.riksdagen.se/dokument/HC0334,https://data.riksdagen.se/dokument/HC01F%C3%B6U2,explicit_citation,document_level_only
HC01FöU2:33,2024/25,FöU2,33,HC0334,2024/25:34,Totalförsvaret 2025-2030,https://data.riksdagen.se/dokument/HC0334,https://data.riksdagen.se/dokument/HC01F%C3%B6U2,explicit_citation,document_level_only
HC01FöU3:1,2024/25,FöU3,1,HC0370,2024/25:70,Integritetsskydd vid signalspaning i försvarsunderrättelseverksamhet,https://data.riksdagen.se/dokument/HC0370,https://data.riksdagen.se/dokument/HC01F%C3%B6U3,explicit_citation,document_level_only
HC01FöU8:3,2024/25,FöU8,3,HC03121,2024/25:121,Nationell strategi för cybersäkerhet 2025-2029,https://data.riksdagen.se/dokument/HC03121,https://data.riksdagen.se/dokument/HC01F%C3%B6U8,explicit_citation,document_level_only
HC01JuU18:1,2024/25,JuU18,1,HC0337,2024/25:37,Biometri i brottsbekämpningen,https://data.riksdagen.se/dokument/HC0337,https://data.riksdagen.se/dokument/HC01JuU18,explicit_citation,document_level_only
HC01JuU18:2,2024/25,JuU18,2,HC0337,2024/25:37,Biometri i brottsbekämpningen,https://data.riksdagen.se/dokument/HC0337,https://data.riksdagen.se/dokument/HC01JuU18,explicit_citation,document_level_only
HC01JuU19:2,2024/25,JuU19,2,HC0329,2024/25:29,Riksrevisionens rapport om Kriminalvårdens behandlingsverksamhet,https://data.riksdagen.se/dokument/HC0329,https://data.riksdagen.se/dokument/HC01JuU19,explicit_citation,document_level_only
HC01JuU21:1,2024/25,JuU21,1,HC0351,2024/25:51,Hemlig dataavläsning mot allvarliga brott,https://data.riksdagen.se/dokument/HC0351,https://data.riksdagen.se/dokument/HC01JuU21,explicit_citation,document_level_only
HC01JuU22:1,2024/25,JuU22,1,HC0359,2024/25:59,En modern straffrättslig preskriptionslagstiftning,https://data.riksdagen.se/dokument/HC0359,https://data.riksdagen.se/dokument/HC01JuU22,explicit_citation,document_level_only
HC01JuU22:2,2024/25,JuU22,2,HC0359,2024/25:59,En modern straffrättslig preskriptionslagstiftning,https://data.riksdagen.se/dokument/HC0359,https://data.riksdagen.se/dokument/HC01JuU22,explicit_citation,document_level_only
HC01JuU22:3,2024/25,JuU22,3,HC0359,2024/25:59,En modern straffrättslig preskriptionslagstiftning,https://data.riksdagen.se/dokument/HC0359,https://data.riksdagen.se/dokument/HC01JuU22,explicit_citation,document_level_only
HC01JuU24:4,2024/25,JuU24,4,HC0354,2024/25:54,Riksrevisionens rapport om statens insatser för barn som misstänks för grova brott,https://data.riksdagen.se/dokument/HC0354,https://data.riksdagen.se/dokument/HC01JuU24,explicit_citation,document_level_only
HC01JuU25:4,2024/25,JuU25,4,HC0364,2024/25:64,Redovisning av användningen av hemliga tvångsmedel under 2023,https://data.riksdagen.se/dokument/HC0364,https://data.riksdagen.se/dokument/HC01JuU25,explicit_citation,document_level_only
HC01JuU27:1,2024/25,JuU27,1,HC0393,2024/25:93,Kamerabevakning i brottsbekämpning och annan offentlig verksamhet - utökade möjligheter och ett enklare förfarande,https://data.riksdagen.se/dokument/HC0393,https://data.riksdagen.se/dokument/HC01JuU27,explicit_citation,document_level_only
HC01JuU28:1,2024/25,JuU28,1,HC03104,2024/25:104,Internationell verkställighet i brottmål,https://data.riksdagen.se/dokument/HC03104,https://data.riksdagen.se/dokument/HC01JuU28,explicit_citation,document_level_only
HC01JuU29:1,2024/25,JuU29,1,HC03141,2024/25:141,"Ett starkare skydd för offentliganställda mot våld, hot och trakasserier m.m.",https://data.riksdagen.se/dokument/HC03141,https://data.riksdagen.se/dokument/HC01JuU29,explicit_citation,document_level_only
HC01JuU29:2,2024/25,JuU29,2,HC03141,2024/25:141,"Ett starkare skydd för offentliganställda mot våld, hot och trakasserier m.m.",https://data.riksdagen.se/dokument/HC03141,https://data.riksdagen.se/dokument/HC01JuU29,explicit_citation,document_level_only
HC01JuU30:1,2024/25,JuU30,1,HC03124,2024/25:124,"Skärpt syn på sexuella kränkningar, bedrägerier mot äldre och brott med kön som hatbrottsmotiv",https://data.riksdagen.se/dokument/HC03124,https://data.riksdagen.se/dokument/HC01JuU30,explicit_citation,document_level_only
HC01JuU31:1,2024/25,JuU31,1,HC03123,2024/25:123,Kontaktförbud - ett utökat skydd för utsatta personer,https://data.riksdagen.se/dokument/HC03123,https://data.riksdagen.se/dokument/HC01JuU31,explicit_citation,document_level_only
HC01JuU3:1,2024/25,JuU3,1,HB03144,2023/24:144,En ny förverkandelagstiftning,https://data.riksdagen.se/dokument/HB03144,https://data.riksdagen.se/dokument/HC01JuU3,explicit_citation,document_level_only
HC01JuU4:2,2024/25,JuU4,2,HB03157,2023/24:157,Riksrevisionens rapport om statens skydd av hotade personer,https://data.riksdagen.se/dokument/HB03157,https://data.riksdagen.se/dokument/HC01JuU4,explicit_citation,document_level_only
HC01JuU5:1,2024/25,JuU5,1,HC0312,2024/25:12,Ett starkt polissamarbete i Tornedalsregionen,https://data.riksdagen.se/dokument/HC0312,https://data.riksdagen.se/dokument/HC01JuU5,explicit_citation,document_level_only
HC01JuU5:2,2024/25,JuU5,2,HC0312,2024/25:12,Ett starkt polissamarbete i Tornedalsregionen,https://data.riksdagen.se/dokument/HC0312,https://data.riksdagen.se/dokument/HC01JuU5,explicit_citation,document_level_only
HC01JuU6:1,2024/25,JuU6,1,HC0320,2024/25:20,Anonyma vittnen,https://data.riksdagen.se/dokument/HC0320,https://data.riksdagen.se/dokument/HC01JuU6,explicit_citation,document_level_only
HC01JuU9:1,2024/25,JuU9,1,HC0365,2024/25:65,Ökat informationsflöde till brottsbekämpningen,https://data.riksdagen.se/dokument/HC0365,https://data.riksdagen.se/dokument/HC01JuU9,explicit_citation,document_level_only
HC01KU19:1,2024/25,KU19,1,HC0380,2024/25:80,Stärkt skydd för vissa förtroendevalda och en tydligare intern kontroll i kommuner och regioner,https://data.riksdagen.se/dokument/HC0380,https://data.riksdagen.se/dokument/HC01KU19,explicit_citation,document_level_only
HC01KrU11:1,2024/25,KrU11,1,HC03154,2024/25:154,Partipolitiska lotterier,https://data.riksdagen.se/dokument/HC03154,https://data.riksdagen.se/dokument/HC01KrU11,explicit_citation,document_level_only
HC01MJU10:1,2024/25,MJU10,1,HC0357,2024/25:57,Bättre förutsättningar inom djurens hälso- och sjukvård,https://data.riksdagen.se/dokument/HC0357,https://data.riksdagen.se/dokument/HC01MJU10,explicit_citation,document_level_only
HC01MJU11:3,2024/25,MJU11,3,HC0355,2024/25:55,Riksrevisionens rapport om förvaltningen av skyddad natur,https://data.riksdagen.se/dokument/HC0355,https://data.riksdagen.se/dokument/HC01MJU11,explicit_citation,document_level_only
HC01MJU13:1,2024/25,MJU13,1,HC0381,2024/25:81,Förbud mot bottentrålning i marina skyddade områden,https://data.riksdagen.se/dokument/HC0381,https://data.riksdagen.se/dokument/HC01MJU13,explicit_citation,document_level_only
HC01MJU15:3,2024/25,MJU15,3,HC0384,2024/25:84,Riksrevisionens rapport om Industriklivet,https://data.riksdagen.se/dokument/HC0384,https://data.riksdagen.se/dokument/HC01MJU15,explicit_citation,document_level_only
HC01MJU16:1,2024/25,MJU16,1,HC03102,2024/25:102,Lättnader i strandskyddet - ett första steg,https://data.riksdagen.se/dokument/HC03102,https://data.riksdagen.se/dokument/HC01MJU16,explicit_citation,document_level_only
HC01MJU17:1,2024/25,MJU17,1,HC03131,2024/25:131,Nya regler för datacenter och hållbara bränslen samt en ny reduktionsplikt,https://data.riksdagen.se/dokument/HC03131,https://data.riksdagen.se/dokument/HC01MJU17,explicit_citation,document_level_only
HC01MJU20:1,2024/25,MJU20,1,HC0391,2024/25:91,En utvidgad insamling och utlämning av djurhälsodata,https://data.riksdagen.se/dokument/HC0391,https://data.riksdagen.se/dokument/HC01MJU20,explicit_citation,document_level_only
HC01MJU21:1,2024/25,MJU21,1,HC03142,2024/25:142,Nämdöskärgårdens nationalpark,https://data.riksdagen.se/dokument/HC03142,https://data.riksdagen.se/dokument/HC01MJU21,explicit_citation,document_level_only
HC01MJU22:1,2024/25,MJU22,1,HC03153,2024/25:153,Ett förbättrat genomförande av MKB-direktivet,https://data.riksdagen.se/dokument/HC03153,https://data.riksdagen.se/dokument/HC01MJU22,explicit_citation,document_level_only
HC01MJU22:2,2024/25,MJU22,2,HC03153,2024/25:153,Ett förbättrat genomförande av MKB-direktivet,https://data.riksdagen.se/dokument/HC03153,https://data.riksdagen.se/dokument/HC01MJU22,explicit_citation,document_level_only
HC01MJU23:1,2024/25,MJU23,1,HC03136,2024/25:136,Förbättrade förutsättningar för ett hållbart vattenbruk,https://data.riksdagen.se/dokument/HC03136,https://data.riksdagen.se/dokument/HC01MJU23,explicit_citation,document_level_only
HC01MJU3:1,2024/25,MJU3,1,HB03142,2023/24:142,EU:s nya utsläppshandelssystem för fossila bränslen,https://data.riksdagen.se/dokument/HB03142,https://data.riksdagen.se/dokument/HC01MJU3,explicit_citation,document_level_only
HC01MJU4:1,2024/25,MJU4,1,HB03152,2023/24:152,Steg på vägen mot en mer effektiv miljöprövning,https://data.riksdagen.se/dokument/HB03152,https://data.riksdagen.se/dokument/HC01MJU4,explicit_citation,document_level_only
HC01MJU4:2,2024/25,MJU4,2,HB03152,2023/24:152,Steg på vägen mot en mer effektiv miljöprövning,https://data.riksdagen.se/dokument/HB03152,https://data.riksdagen.se/dokument/HC01MJU4,explicit_citation,document_level_only
HC01MJU4:3,2024/25,MJU4,3,HB03152,2023/24:152,Steg på vägen mot en mer effektiv miljöprövning,https://data.riksdagen.se/dokument/HB03152,https://data.riksdagen.se/dokument/HC01MJU4,explicit_citation,document_level_only
HC01MJU4:4,2024/25,MJU4,4,HB03152,2023/24:152,Steg på vägen mot en mer effektiv miljöprövning,https://data.riksdagen.se/dokument/HB03152,https://data.riksdagen.se/dokument/HC01MJU4,explicit_citation,document_level_only
HC01MJU5:1,2024/25,MJU5,1,HB03156,2023/24:156,"Ett levande hav - ökat skydd, minskad övergödning och ett hållbart fiske",https://data.riksdagen.se/dokument/HB03156,https://data.riksdagen.se/dokument/HC01MJU5,explicit_citation,document_level_only
HC01MJU6:1,2024/25,MJU6,1,HC0324,2024/25:24,Naturvårdshänsyn vid fiske i havet för att skydda Natura 2000-områden,https://data.riksdagen.se/dokument/HC0324,https://data.riksdagen.se/dokument/HC01MJU6,explicit_citation,document_level_only
HC01NU11:1,2024/25,NU11,1,HC0348,2024/25:48,En kapacitetsmekanism för elmarknaden,https://data.riksdagen.se/dokument/HC0348,https://data.riksdagen.se/dokument/HC01NU11,explicit_citation,document_level_only
HC01NU14:1,2024/25,NU14,1,HC0372,2024/25:72,"Forskning och innovation på energiområdet för försörjningstrygghet, konkurrenskraft och klimatomställning",https://data.riksdagen.se/dokument/HC0372,https://data.riksdagen.se/dokument/HC01NU14,explicit_citation,document_level_only
HC01NU1:3,2024/25,NU1,3,HC031,2024/25:1,Budgetpropositionen för 2025,https://data.riksdagen.se/dokument/HC031,https://data.riksdagen.se/dokument/HC01NU1,explicit_citation,document_level_only
HC01NU20:1,2024/25,NU20,1,HC03150,2024/25:150,Finansiering och riskdelning vid investeringar i ny kärnkraft,https://data.riksdagen.se/dokument/HC03150,https://data.riksdagen.se/dokument/HC01NU20,explicit_citation,document_level_only
HC01NU21:1,2024/25,NU21,1,HC03137,2024/25:137,Ersättning till radio- och tv-företag vid privatkopiering,https://data.riksdagen.se/dokument/HC03137,https://data.riksdagen.se/dokument/HC01NU21,explicit_citation,document_level_only
HC01NU4:1,2024/25,NU4,1,HB03140,2023/24:140,2024 års redogörelse för företag med statligt ägande,https://data.riksdagen.se/dokument/HB03140,https://data.riksdagen.se/dokument/HC01NU4,explicit_citation,document_level_only
HC01NU8:1,2024/25,NU8,1,HC0327,2024/25:27,Avskaffat krav på tillstånd för hotell- och pensionatsrörelser,https://data.riksdagen.se/dokument/HC0327,https://data.riksdagen.se/dokument/HC01NU8,explicit_citation,document_level_only
HC01NU9:1,2024/25,NU9,1,HC0332,2024/25:32,Tillgång till mät- och förbrukningsuppgifter på elmarknaden,https://data.riksdagen.se/dokument/HC0332,https://data.riksdagen.se/dokument/HC01NU9,explicit_citation,document_level_only
HC01SfU11:2,2024/25,SfU11,2,HC0349,2024/25:49,En ny ordning för asylsökandes boende,https://data.riksdagen.se/dokument/HC0349,https://data.riksdagen.se/dokument/HC01SfU11,explicit_citation,document_level_only
HC01SfU17:2,2024/25,SfU17,2,HC0392,2024/25:92,Preskription av avlägsnandebeslut och vissa frågor om återreseförbud,https://data.riksdagen.se/dokument/HC0392,https://data.riksdagen.se/dokument/HC01SfU17,explicit_citation,document_level_only
HC01SfU19:3,2024/25,SfU19,3,HC0378,2024/25:78,Riksrevisionens rapport om bostadsbidragets måluppfyllelse,https://data.riksdagen.se/dokument/HC0378,https://data.riksdagen.se/dokument/HC01SfU19,explicit_citation,document_level_only
HC01SfU1:2,2024/25,SfU1,2,HC031,2024/25:1,Budgetpropositionen för 2025,https://data.riksdagen.se/dokument/HC031,https://data.riksdagen.se/dokument/HC01SfU1,explicit_citation,document_level_only
HC01SfU20:1,2024/25,SfU20,1,HC0371,2024/25:71,Riksrevisionens rapport om Försäkringskassans användning av övervägande skäl vid 180 dagars sjukskrivning,https://data.riksdagen.se/dokument/HC0371,https://data.riksdagen.se/dokument/HC01SfU20,explicit_citation,document_level_only
HC01SfU22:2,2024/25,SfU22,2,HC03161,2024/25:161,Förbättrad ordning och säkerhet vid förvar,https://data.riksdagen.se/dokument/HC03161,https://data.riksdagen.se/dokument/HC01SfU22,explicit_citation,document_level_only
HC01SfU5:1,2024/25,SfU5,1,HB03151,2023/24:151,Förbättrade levnadsvillkor för utlänningar med tillfälligt skydd,https://data.riksdagen.se/dokument/HB03151,https://data.riksdagen.se/dokument/HC01SfU5,explicit_citation,document_level_only
HC01SfU9:1,2024/25,SfU9,1,HC0336,2024/25:36,Uppgifter som ska lämnas i samband med arbetsgivardeklarationen,https://data.riksdagen.se/dokument/HC0336,https://data.riksdagen.se/dokument/HC01SfU9,explicit_citation,document_level_only
HC01SkU11:1,2024/25,SkU11,1,HC0347,2024/25:47,Sänkt alkoholskatt för öl från oberoende småbryggerier,https://data.riksdagen.se/dokument/HC0347,https://data.riksdagen.se/dokument/HC01SkU11,explicit_citation,document_level_only
HC01SkU17:1,2024/25,SkU17,1,HC03109,2024/25:109,Förändrade skattesubventioner för solceller och mikroproduktion av el,https://data.riksdagen.se/dokument/HC03109,https://data.riksdagen.se/dokument/HC01SkU17,explicit_citation,document_level_only
HC01SkU3:1,2024/25,SkU3,1,HB03149,2023/24:149,Nya regler om mervärdesskatt för små företag och ändrade regler för vissa tjänster och konstverk,https://data.riksdagen.se/dokument/HB03149,https://data.riksdagen.se/dokument/HC01SkU3,explicit_citation,document_level_only
HC01SoU11:7,2024/25,SoU11,7,HC0340,2024/25:40,Riksrevisionens rapport om SiS särskilda ungdomshem,https://data.riksdagen.se/dokument/HC0340,https://data.riksdagen.se/dokument/HC01SoU11,explicit_citation,document_level_only
HC01SoU1:1,2024/25,SoU1,1,HC031,2024/25:1,Budgetpropositionen för 2025,https://data.riksdagen.se/dokument/HC031,https://data.riksdagen.se/dokument/HC01SoU1,explicit_citation,document_level_only
HC01SoU1:2,2024/25,SoU1,2,HC031,2024/25:1,Budgetpropositionen för 2025,https://data.riksdagen.se/dokument/HC031,https://data.riksdagen.se/dokument/HC01SoU1,explicit_citation,document_level_only
HC01SoU23:1,2024/25,SoU23,1,HC0389,2024/25:89,"En förebyggande socialtjänstlag - för ökade rättigheter, skyldigheter och möjligheter",https://data.riksdagen.se/dokument/HC0389,https://data.riksdagen.se/dokument/HC01SoU23,explicit_citation,document_level_only
HC01SoU24:1,2024/25,SoU24,1,HC0386,2024/25:86,Bättre förutsättningar för besöksnäringen i fråga om småskalig produktion av alkoholdrycker,https://data.riksdagen.se/dokument/HC0386,https://data.riksdagen.se/dokument/HC01SoU24,explicit_citation,document_level_only
HC01SoU27:1,2024/25,SoU27,1,HC03144,2024/25:144,Uppdaterat högkostnadsskydd för läkemedel,https://data.riksdagen.se/dokument/HC03144,https://data.riksdagen.se/dokument/HC01SoU27,explicit_citation,document_level_only
HC01SoU29:1,2024/25,SoU29,1,HC03157,2024/25:157,Ett fritidskort för barn och unga - en aktiv och meningsfull fritid i gemenskap med andra,https://data.riksdagen.se/dokument/HC03157,https://data.riksdagen.se/dokument/HC01SoU29,explicit_citation,document_level_only
HC01SoU2:2,2024/25,SoU2,2,HB03122,2023/24:122,Riksrevisionens rapport om läkemedelsförskrivningen - statens styrning och tillsyn,https://data.riksdagen.se/dokument/HB03122,https://data.riksdagen.se/dokument/HC01SoU2,explicit_citation,document_level_only
HC01SoU4:1,2024/25,SoU4,1,HB03158,2023/24:158,Ändrad åldersgräns för avgiftsfri tandvård,https://data.riksdagen.se/dokument/HB03158,https://data.riksdagen.se/dokument/HC01SoU4,explicit_citation,document_level_only
HC01SoU5:1,2024/25,SoU5,1,HC0341,2024/25:41,Avskildhet i anslutning till dygnsvilan - för ökad trygghet och säkerhet på särskilda ungdomshem,https://data.riksdagen.se/dokument/HC0341,https://data.riksdagen.se/dokument/HC01SoU5,explicit_citation,document_level_only
HC01SoU8:4,2024/25,SoU8,4,HB03153,2023/24:153,Riksrevisionens rapport om Allmänna arvsfonden,https://data.riksdagen.se/dokument/HB03153,https://data.riksdagen.se/dokument/HC01SoU8,explicit_citation,document_level_only
HC01SoU9:2,2024/25,SoU9,2,HC039,2024/25:9,Riksrevisionens rapport om statens insatser för att stärka efterlevnaden av barnkonventionen,https://data.riksdagen.se/dokument/HC039,https://data.riksdagen.se/dokument/HC01SoU9,explicit_citation,document_level_only
HC01TU13:1,2024/25,TU13,1,HC03118,2024/25:118,Säkerställande av lika villkor för hållbar lufttransport,https://data.riksdagen.se/dokument/HC03118,https://data.riksdagen.se/dokument/HC01TU13,explicit_citation,document_level_only
HC01TU15:9,2024/25,TU15,9,HC0387,2024/25:87,Riksrevisionens rapport om statens insatser för att minska sjöfartens utsläpp av skadliga ämnen i havet,https://data.riksdagen.se/dokument/HC0387,https://data.riksdagen.se/dokument/HC01TU15,explicit_citation,document_level_only
HC01TU2:1,2024/25,TU2,1,HB03148,2023/24:148,Två frågor om taxi - prisuppgiftsskyldigheten och ålderskravet för taxiförarlegitimation,https://data.riksdagen.se/dokument/HB03148,https://data.riksdagen.se/dokument/HC01TU2,explicit_citation,document_level_only
HC01TU5:1,2024/25,TU5,1,HC0328,2024/25:28,Vägen till en pålitlig transportinfrastruktur - för att hela Sverige ska fungera,https://data.riksdagen.se/dokument/HC0328,https://data.riksdagen.se/dokument/HC01TU5,explicit_citation,document_level_only
HC01TU7:1,2024/25,TU7,1,HC0335,2024/25:35,Riksrevisionens rapport om bildandet av Svevia och Infranord,https://data.riksdagen.se/dokument/HC0335,https://data.riksdagen.se/dokument/HC01TU7,explicit_citation,document_level_only
HC01TU8:1,2024/25,TU8,1,HC0376,2024/25:76,Kompletterande bestämmelser till EU:s förordning om användning av förnybara och koldioxidsnåla bränslen för sjötransport,https://data.riksdagen.se/dokument/HC0376,https://data.riksdagen.se/dokument/HC01TU8,explicit_citation,document_level_only
HC01UFöU2:1,2024/25,UFöU2,1,HC0322,2024/25:22,Svenskt bidrag till Natos avskräckning och försvar under 2025,https://data.riksdagen.se/dokument/HC0322,https://data.riksdagen.se/dokument/HC01UF%C3%B6U2,explicit_citation,document_level_only
HC01UU10:8,2024/25,UU10,8,HC03115,2024/25:115,Verksamheten i Europeiska unionen under 2024,https://data.riksdagen.se/dokument/HC03115,https://data.riksdagen.se/dokument/HC01UU10,explicit_citation,document_level_only
HC01UU11:5,2024/25,UU11,5,HC0361,2024/25:61,Internationellt bistånd genom multilaterala organisationer,https://data.riksdagen.se/dokument/HC0361,https://data.riksdagen.se/dokument/HC01UU11,explicit_citation,document_level_only
HC01UU14:7,2024/25,UU14,7,HC0390,2024/25:90,Nordiskt samarbete 2024,https://data.riksdagen.se/dokument/HC0390,https://data.riksdagen.se/dokument/HC01UU14,explicit_citation,document_level_only
HC01UU17:1,2024/25,UU17,1,HC03126,2024/25:126,Ny lag om internationella sanktioner,https://data.riksdagen.se/dokument/HC03126,https://data.riksdagen.se/dokument/HC01UU17,explicit_citation,document_level_only
HC01UU19:4,2024/25,UU19,4,HC03112,2024/25:112,Verksamheten inom Nato under helåret 2024,https://data.riksdagen.se/dokument/HC03112,https://data.riksdagen.se/dokument/HC01UU19,explicit_citation,document_level_only
HC01UU1:1,2024/25,UU1,1,HC031,2024/25:1,Budgetpropositionen för 2025,https://data.riksdagen.se/dokument/HC031,https://data.riksdagen.se/dokument/HC01UU1,explicit_citation,document_level_only
HC01UU2:1,2024/25,UU2,1,HC031,2024/25:1,Budgetpropositionen för 2025,https://data.riksdagen.se/dokument/HC031,https://data.riksdagen.se/dokument/HC01UU2,explicit_citation,document_level_only
HC01UU2:2,2024/25,UU2,2,HC031,2024/25:1,Budgetpropositionen för 2025,https://data.riksdagen.se/dokument/HC031,https://data.riksdagen.se/dokument/HC01UU2,explicit_citation,document_level_only
HC01UU4:1,2024/25,UU4,1,HB03138,2023/24:138,"Avancerat ramavtal mellan Europeiska unionen och dess medlemsstater, å ena sidan, och Republiken Chile, å andra sidan",https://data.riksdagen.se/dokument/HB03138,https://data.riksdagen.se/dokument/HC01UU4,explicit_citation,document_level_only
HC01UU6:6,2024/25,UU6,6,HB03163,2023/24:163,Nationell säkerhetsstrategi,https://data.riksdagen.se/dokument/HB03163,https://data.riksdagen.se/dokument/HC01UU6,explicit_citation,document_level_only
HC01UU9:4,2024/25,UU9,4,HC03114,2024/25:114,Strategisk exportkontroll 2024 - krigsmateriel och produkter med dubbla användningsområden,https://data.riksdagen.se/dokument/HC03114,https://data.riksdagen.se/dokument/HC01UU9,explicit_citation,document_level_only
HC01UbU15:1,2024/25,UbU15,1,HC0360,2024/25:60,"Forskning och innovation för framtid, nyfikenhet och nytta",https://data.riksdagen.se/dokument/HC0360,https://data.riksdagen.se/dokument/HC01UbU15,explicit_citation,document_level_only
HC01UbU17:1,2024/25,UbU17,1,HC03143,2024/25:143,En tioårig grundskola,https://data.riksdagen.se/dokument/HC03143,https://data.riksdagen.se/dokument/HC01UbU17,explicit_citation,document_level_only
HC01UbU17:1,2024/25,UbU17,1,HC03160,2024/25:160,Skolor mot brott,https://data.riksdagen.se/dokument/HC03160,https://data.riksdagen.se/dokument/HC01UbU17,explicit_citation,document_level_only
HC01UbU21:1,2024/25,UbU21,1,HC03160,2024/25:160,Skolor mot brott,https://data.riksdagen.se/dokument/HC03160,https://data.riksdagen.se/dokument/HC01UbU21,explicit_citation,document_level_only
HC01UbU21:2,2024/25,UbU21,2,HC03160,2024/25:160,Skolor mot brott,https://data.riksdagen.se/dokument/HC03160,https://data.riksdagen.se/dokument/HC01UbU21,explicit_citation,document_level_only
HC01UbU2:2,2024/25,UbU2,2,HC031,2024/25:1,Budgetpropositionen för 2025,https://data.riksdagen.se/dokument/HC031,https://data.riksdagen.se/dokument/HC01UbU2,explicit_citation,document_level_only
HC01UbU3:1,2024/25,UbU3,1,HB03164,2023/24:164,Stärkta skolbibliotek,https://data.riksdagen.se/dokument/HB03164,https://data.riksdagen.se/dokument/HC01UbU3,explicit_citation,document_level_only
HD01AU13:1,2025/26,AU13,1,HD03245,2025/26:245,"Frihet från våld, förtryck och utnyttjande - En nationell strategi mot mäns våld mot kvinnor, våld i nära relationer, utnyttjande i prostitution och människohandel samt hedersrelaterat våld och förtryck",https://data.riksdagen.se/dokument/HD03245,https://data.riksdagen.se/dokument/HD01AU13,explicit_citation,document_level_only
HD01AU14:1,2025/26,AU14,1,HD03215,2025/26:215,Tidsbegränsat boende för vissa nyanlända invandrare - en ny lag om bosättning,https://data.riksdagen.se/dokument/HD03215,https://data.riksdagen.se/dokument/HD01AU14,explicit_citation,document_level_only
HD01AU15:1,2025/26,AU15,1,HD03134,2025/26:134,ILO:s konvention om avskaffande av våld och trakasserier i arbetslivet och ILO:s konvention om en säker och hälsosam arbetsmiljö,https://data.riksdagen.se/dokument/HD03134,https://data.riksdagen.se/dokument/HD01AU15,explicit_citation,document_level_only
HD01AU15:3,2025/26,AU15,3,HD03134,2025/26:134,ILO:s konvention om avskaffande av våld och trakasserier i arbetslivet och ILO:s konvention om en säker och hälsosam arbetsmiljö,https://data.riksdagen.se/dokument/HD03134,https://data.riksdagen.se/dokument/HD01AU15,explicit_citation,document_level_only
HD01AU4:1,2025/26,AU4,1,HC03204,2024/25:204,Regler om avstängning av statligt anställda,https://data.riksdagen.se/dokument/HC03204,https://data.riksdagen.se/dokument/HD01AU4,explicit_citation,document_level_only
HD01AU5:1,2025/26,AU5,1,HD0323,2025/26:23,Riksrevisionens rapport om statens insatser mot ekonomiskt våld i nära relationer,https://data.riksdagen.se/dokument/HD0323,https://data.riksdagen.se/dokument/HD01AU5,explicit_citation,document_level_only
HD01AU6:1,2025/26,AU6,1,HD0372,2025/26:72,Riksrevisionens rapport om Arbetsförmedlingens stöd till personer med funktionsnedsättning,https://data.riksdagen.se/dokument/HD0372,https://data.riksdagen.se/dokument/HD01AU6,explicit_citation,document_level_only
HD01CU10:1,2025/26,CU10,1,HD0345,2025/26:45,Ett förbättrat resegarantisystem,https://data.riksdagen.se/dokument/HD0345,https://data.riksdagen.se/dokument/HD01CU10,explicit_citation,document_level_only
HD01CU1:2,2025/26,CU1,2,HD031,2025/26:1,Budgetpropositionen för 2026,https://data.riksdagen.se/dokument/HD031,https://data.riksdagen.se/dokument/HD01CU1,explicit_citation,document_level_only
HD01CU21:1,2025/26,CU21,1,HD0346,2025/26:46,Elektronisk inlämning av bouppteckningar,https://data.riksdagen.se/dokument/HD0346,https://data.riksdagen.se/dokument/HD01CU21,explicit_citation,document_level_only
HD01CU22:1,2025/26,CU22,1,HD0392,2025/26:92,Ett ställföreträdarskap att lita på,https://data.riksdagen.se/dokument/HD0392,https://data.riksdagen.se/dokument/HD01CU22,explicit_citation,document_level_only
HD01CU23:1,2025/26,CU23,1,HD03131,2025/26:131,Sysselsättning och boende på landsbygden,https://data.riksdagen.se/dokument/HD03131,https://data.riksdagen.se/dokument/HD01CU23,explicit_citation,document_level_only
HD01CU24:1,2025/26,CU24,1,HD03172,2025/26:172,Effektiv och säker byggprocess,https://data.riksdagen.se/dokument/HD03172,https://data.riksdagen.se/dokument/HD01CU24,explicit_citation,document_level_only
HD01CU24:2,2025/26,CU24,2,HD03172,2025/26:172,Effektiv och säker byggprocess,https://data.riksdagen.se/dokument/HD03172,https://data.riksdagen.se/dokument/HD01CU24,explicit_citation,document_level_only
HD01CU25:1,2025/26,CU25,1,HD03209,2025/26:209,En snabbare utbyggnad av kriminalvårdsanstalter och häkten,https://data.riksdagen.se/dokument/HD03209,https://data.riksdagen.se/dokument/HD01CU25,explicit_citation,document_level_only
HD01CU26:1,2025/26,CU26,1,HD03223,2025/26:223,En ny konsumentkreditlag,https://data.riksdagen.se/dokument/HD03223,https://data.riksdagen.se/dokument/HD01CU26,explicit_citation,document_level_only
HD01CU27:1,2025/26,CU27,1,HD03106,2025/26:106,Identitetskrav vid lagfart och åtgärder mot kringgåenden av bostadsrättslagen,https://data.riksdagen.se/dokument/HD03106,https://data.riksdagen.se/dokument/HD01CU27,explicit_citation,document_level_only
HD01CU29:1,2025/26,CU29,1,HD03148,2025/26:148,Ökade möjligheter till hemmaladdning av elfordon,https://data.riksdagen.se/dokument/HD03148,https://data.riksdagen.se/dokument/HD01CU29,explicit_citation,document_level_only
HD01CU2:2,2025/26,CU2,2,HC03169,2024/25:169,Ett nytt regelverk för bygglov,https://data.riksdagen.se/dokument/HC03169,https://data.riksdagen.se/dokument/HD01CU2,explicit_citation,document_level_only
HD01CU30:1,2025/26,CU30,1,HD03159,2025/26:159,Nytt mål för effektiv energianvändning och genomförande av det omarbetade direktivet om byggnaders energiprestanda,https://data.riksdagen.se/dokument/HD03159,https://data.riksdagen.se/dokument/HD01CU30,explicit_citation,document_level_only
HD01CU30:2,2025/26,CU30,2,HD03159,2025/26:159,Nytt mål för effektiv energianvändning och genomförande av det omarbetade direktivet om byggnaders energiprestanda,https://data.riksdagen.se/dokument/HD03159,https://data.riksdagen.se/dokument/HD01CU30,explicit_citation,document_level_only
HD01CU31:1,2025/26,CU31,1,HD03187,2025/26:187,En mer flexibel hyresmarknad,https://data.riksdagen.se/dokument/HD03187,https://data.riksdagen.se/dokument/HD01CU31,explicit_citation,document_level_only
HD01CU31:2,2025/26,CU31,2,HD03187,2025/26:187,En mer flexibel hyresmarknad,https://data.riksdagen.se/dokument/HD03187,https://data.riksdagen.se/dokument/HD01CU31,explicit_citation,document_level_only
HD01CU31:3,2025/26,CU31,3,HD03187,2025/26:187,En mer flexibel hyresmarknad,https://data.riksdagen.se/dokument/HD03187,https://data.riksdagen.se/dokument/HD01CU31,explicit_citation,document_level_only
HD01CU31:4,2025/26,CU31,4,HD03187,2025/26:187,En mer flexibel hyresmarknad,https://data.riksdagen.se/dokument/HD03187,https://data.riksdagen.se/dokument/HD01CU31,explicit_citation,document_level_only
HD01CU32:1,2025/26,CU32,1,HD03188,2025/26:188,Lag om hyrköp av bostad,https://data.riksdagen.se/dokument/HD03188,https://data.riksdagen.se/dokument/HD01CU32,explicit_citation,document_level_only
HD01CU34:1,2025/26,CU34,1,HD03224,2025/26:224,Ändamålsenliga utmätningsregler och utvidgad distansutmätning,https://data.riksdagen.se/dokument/HD03224,https://data.riksdagen.se/dokument/HD01CU34,explicit_citation,document_level_only
HD01CU36:1,2025/26,CU36,1,HD03157,2025/26:157,Lag om avgift för områdessamverkan,https://data.riksdagen.se/dokument/HD03157,https://data.riksdagen.se/dokument/HD01CU36,explicit_citation,document_level_only
HD01CU37:1,2025/26,CU37,1,HD03212,2025/26:212,Kommunala hyresgarantier för en socialt hållbar bostadsförsörjning,https://data.riksdagen.se/dokument/HD03212,https://data.riksdagen.se/dokument/HD01CU37,explicit_citation,document_level_only
HD01CU38:1,2025/26,CU38,1,HD03222,2025/26:222,Ersättningsregler med brottsoffret i fokus,https://data.riksdagen.se/dokument/HD03222,https://data.riksdagen.se/dokument/HD01CU38,explicit_citation,document_level_only
HD01CU39:1,2025/26,CU39,1,HD03180,2025/26:180,Förenklade regler vid ändring av en byggnad,https://data.riksdagen.se/dokument/HD03180,https://data.riksdagen.se/dokument/HD01CU39,explicit_citation,document_level_only
HD01CU39:2,2025/26,CU39,2,HD03180,2025/26:180,Förenklade regler vid ändring av en byggnad,https://data.riksdagen.se/dokument/HD03180,https://data.riksdagen.se/dokument/HD01CU39,explicit_citation,document_level_only
HD01CU3:5,2025/26,CU3,5,HC03173,2024/25:173,Riksrevisionens rapport om tillgången till kommunalt vatten och avlopp,https://data.riksdagen.se/dokument/HC03173,https://data.riksdagen.se/dokument/HD01CU3,explicit_citation,document_level_only
HD01CU40:1,2025/26,CU40,1,HD03257,2025/26:257,Krav på kommunala lantmäterimyndigheters ärendehanteringssystem,https://data.riksdagen.se/dokument/HD03257,https://data.riksdagen.se/dokument/HD01CU40,explicit_citation,document_level_only
HD01CU41:1,2025/26,CU41,1,HD03202,2025/26:202,Undantag från krav enligt art- och habitatdirektivet vid vattenkraftens omprövning,https://data.riksdagen.se/dokument/HD03202,https://data.riksdagen.se/dokument/HD01CU41,explicit_citation,document_level_only
HD01CU5:1,2025/26,CU5,1,HC03192,2024/25:192,En förbättrad modell för presumtionshyra,https://data.riksdagen.se/dokument/HC03192,https://data.riksdagen.se/dokument/HD01CU5,explicit_citation,document_level_only
HD01CU6:1,2025/26,CU6,1,HC03208,2024/25:208,Ett mer heltäckande straffansvar vid angrepp på företagshemligheter,https://data.riksdagen.se/dokument/HC03208,https://data.riksdagen.se/dokument/HD01CU6,explicit_citation,document_level_only
HD01CU8:1,2025/26,CU8,1,HD0321,2025/26:21,Uppskjutet krav på att hållbarhetsrapportera för vissa företag,https://data.riksdagen.se/dokument/HD0321,https://data.riksdagen.se/dokument/HD01CU8,explicit_citation,document_level_only
HD01FiU19:1,2025/26,FiU19,1,HD0383,2025/26:83,Riksrevisionens rapport om statens arbete med Agenda 2030,https://data.riksdagen.se/dokument/HD0383,https://data.riksdagen.se/dokument/HD01FiU19,explicit_citation,document_level_only
HD01FiU1:1,2025/26,FiU1,1,HD031,2025/26:1,Budgetpropositionen för 2026,https://data.riksdagen.se/dokument/HD031,https://data.riksdagen.se/dokument/HD01FiU1,explicit_citation,document_level_only
HD01FiU1:2,2025/26,FiU1,2,HC03168,2024/25:168,Höjd fastighetsskatt för vindkraftverk,https://data.riksdagen.se/dokument/HC03168,https://data.riksdagen.se/dokument/HD01FiU1,explicit_citation,document_level_only
HD01FiU1:2,2025/26,FiU1,2,HC03188,2024/25:188,Ett grundavdrag i riskskatten,https://data.riksdagen.se/dokument/HC03188,https://data.riksdagen.se/dokument/HD01FiU1,explicit_citation,document_level_only
HD01FiU1:2,2025/26,FiU1,2,HD031,2025/26:1,Budgetpropositionen för 2026,https://data.riksdagen.se/dokument/HD031,https://data.riksdagen.se/dokument/HD01FiU1,explicit_citation,document_level_only
HD01FiU1:2,2025/26,FiU1,2,HD0316,2025/26:16,Förbättrad utformning av EU:s elmarknad,https://data.riksdagen.se/dokument/HD0316,https://data.riksdagen.se/dokument/HD01FiU1,explicit_citation,document_level_only
HD01FiU1:2,2025/26,FiU1,2,HD0331,2025/26:31,Ytterligare höjd beloppsgräns vid avdrag för resor till och från arbetet,https://data.riksdagen.se/dokument/HD0331,https://data.riksdagen.se/dokument/HD01FiU1,explicit_citation,document_level_only
HD01FiU1:2,2025/26,FiU1,2,HD0332,2025/26:32,"Sänkt skatt på arbetsinkomster, pension och sjuk- och aktivitetsersättning",https://data.riksdagen.se/dokument/HD0332,https://data.riksdagen.se/dokument/HD01FiU1,explicit_citation,document_level_only
HD01FiU1:3,2025/26,FiU1,3,HD031,2025/26:1,Budgetpropositionen för 2026,https://data.riksdagen.se/dokument/HD031,https://data.riksdagen.se/dokument/HD01FiU1,explicit_citation,document_level_only
HD01FiU1:4,2025/26,FiU1,4,HD031,2025/26:1,Budgetpropositionen för 2026,https://data.riksdagen.se/dokument/HD031,https://data.riksdagen.se/dokument/HD01FiU1,explicit_citation,document_level_only
HD01FiU1:5,2025/26,FiU1,5,HD031,2025/26:1,Budgetpropositionen för 2026,https://data.riksdagen.se/dokument/HD031,https://data.riksdagen.se/dokument/HD01FiU1,explicit_citation,document_level_only
HD01FiU1:6,2025/26,FiU1,6,HD031,2025/26:1,Budgetpropositionen för 2026,https://data.riksdagen.se/dokument/HD031,https://data.riksdagen.se/dokument/HD01FiU1,explicit_citation,document_level_only
HD01FiU20:1,2025/26,FiU20,1,HD03100,2025/26:100,2026 års ekonomiska vårproposition,https://data.riksdagen.se/dokument/HD03100,https://data.riksdagen.se/dokument/HD01FiU20,explicit_citation,document_level_only
HD01FiU20:2,2025/26,FiU20,2,HD03241,2025/26:241,Riksrevisionens rapport om tillämpningen av det finanspolitiska ramverket 2025,https://data.riksdagen.se/dokument/HD03241,https://data.riksdagen.se/dokument/HD01FiU20,explicit_citation,document_level_only
HD01FiU21:1,2025/26,FiU21,1,HD0399,2025/26:99,Vårändringsbudget för 2026,https://data.riksdagen.se/dokument/HD0399,https://data.riksdagen.se/dokument/HD01FiU21,explicit_citation,document_level_only
HD01FiU22:1,2025/26,FiU22,1,HD0396,2025/26:96,Redovisning av verksamheten i Internationella valutafonden 2025,https://data.riksdagen.se/dokument/HD0396,https://data.riksdagen.se/dokument/HD01FiU22,explicit_citation,document_level_only
HD01FiU26:11,2025/26,FiU26,11,HD0351,2025/26:51,Riksrevisionens rapport om generella statsbidrag som stabiliseringspolitiskt instrument,https://data.riksdagen.se/dokument/HD0351,https://data.riksdagen.se/dokument/HD01FiU26,explicit_citation,document_level_only
HD01FiU28:1,2025/26,FiU28,1,HD0389,2025/26:89,Riksrevisionens rapport om arbetsrättsliga villkor i offentlig upphandling,https://data.riksdagen.se/dokument/HD0389,https://data.riksdagen.se/dokument/HD01FiU28,explicit_citation,document_level_only
HD01FiU29:1,2025/26,FiU29,1,HD0386,2025/26:86,Nya regler för att underlätta noteringar av värdepapper,https://data.riksdagen.se/dokument/HD0386,https://data.riksdagen.se/dokument/HD01FiU29,explicit_citation,document_level_only
HD01FiU31:1,2025/26,FiU31,1,HD03152,2025/26:152,Riksrevisionens rapport om Statens fastighetsverks fastighetsförvaltning,https://data.riksdagen.se/dokument/HD03152,https://data.riksdagen.se/dokument/HD01FiU31,explicit_citation,document_level_only
HD01FiU36:1,2025/26,FiU36,1,HD03119,2025/26:119,Utveckling av makrotillsynsområdet,https://data.riksdagen.se/dokument/HD03119,https://data.riksdagen.se/dokument/HD01FiU36,explicit_citation,document_level_only
HD01FiU39:1,2025/26,FiU39,1,HD03199,2025/26:199,Åtgärder för att stärka kontanternas funktionssätt,https://data.riksdagen.se/dokument/HD03199,https://data.riksdagen.se/dokument/HD01FiU39,explicit_citation,document_level_only
HD01FiU42:1,2025/26,FiU42,1,HD03177,2025/26:177,Förenklad leverantörskontroll vid upphandling,https://data.riksdagen.se/dokument/HD03177,https://data.riksdagen.se/dokument/HD01FiU42,explicit_citation,document_level_only
HD01FiU45:1,2025/26,FiU45,1,HD03255,2025/26:255,Stickprovsinsamling av uppgifter om hushållens skulder,https://data.riksdagen.se/dokument/HD03255,https://data.riksdagen.se/dokument/HD01FiU45,explicit_citation,document_level_only
HD01FiU47:1,2025/26,FiU47,1,HD03275,2025/26:275,Extra ändringsbudget för 2026 - Stöd till Ukraina samt stöd till hushåll och andra åtgärder med anledning av kriget i Mellanöstern,https://data.riksdagen.se/dokument/HD03275,https://data.riksdagen.se/dokument/HD01FiU47,explicit_citation,document_level_only
HD01FiU48:1,2025/26,FiU48,1,HD03236,2025/26:236,Extra ändringsbudget för 2026 - Sänkt skatt på drivmedel samt el- och gasprisstöd,https://data.riksdagen.se/dokument/HD03236,https://data.riksdagen.se/dokument/HD01FiU48,explicit_citation,document_level_only
HD01FiU5:1,2025/26,FiU5,1,HD031,2025/26:1,Budgetpropositionen för 2026,https://data.riksdagen.se/dokument/HD031,https://data.riksdagen.se/dokument/HD01FiU5,explicit_citation,document_level_only
HD01FöU12:1,2025/26,FöU12,1,HD03142,2025/26:142,Ett starkare skydd för civilbefolkningen vid höjd beredskap,https://data.riksdagen.se/dokument/HD03142,https://data.riksdagen.se/dokument/HD01F%C3%B6U12,explicit_citation,document_level_only
HD01FöU14:2,2025/26,FöU14,2,HD03254,2025/26:254,Förbättrade förutsättningar för operativt militärt samarbete,https://data.riksdagen.se/dokument/HD03254,https://data.riksdagen.se/dokument/HD01F%C3%B6U14,explicit_citation,document_level_only
HD01FöU14:3,2025/26,FöU14,3,HD03254,2025/26:254,Förbättrade förutsättningar för operativt militärt samarbete,https://data.riksdagen.se/dokument/HD03254,https://data.riksdagen.se/dokument/HD01F%C3%B6U14,explicit_citation,document_level_only
HD01FöU14:4,2025/26,FöU14,4,HD03254,2025/26:254,Förbättrade förutsättningar för operativt militärt samarbete,https://data.riksdagen.se/dokument/HD03254,https://data.riksdagen.se/dokument/HD01F%C3%B6U14,explicit_citation,document_level_only
HD01FöU17:3,2025/26,FöU17,3,HD03162,2025/26:162,Sveriges militära stöd till Ukraina,https://data.riksdagen.se/dokument/HD03162,https://data.riksdagen.se/dokument/HD01F%C3%B6U17,explicit_citation,document_level_only
HD01FöU19:1,2025/26,FöU19,1,HD03167,2025/26:167,Kärnämneskontroll och bedömningar av överensstämmelse med säkerhets- och strålskyddskrav i verksamhet med strålning,https://data.riksdagen.se/dokument/HD03167,https://data.riksdagen.se/dokument/HD01F%C3%B6U19,explicit_citation,document_level_only
HD01FöU1:1,2025/26,FöU1,1,HD031,2025/26:1,Budgetpropositionen för 2026,https://data.riksdagen.se/dokument/HD031,https://data.riksdagen.se/dokument/HD01F%C3%B6U1,explicit_citation,document_level_only
HD01FöU1:2,2025/26,FöU1,2,HD031,2025/26:1,Budgetpropositionen för 2026,https://data.riksdagen.se/dokument/HD031,https://data.riksdagen.se/dokument/HD01F%C3%B6U1,explicit_citation,document_level_only
HD01FöU1:3,2025/26,FöU1,3,HD031,2025/26:1,Budgetpropositionen för 2026,https://data.riksdagen.se/dokument/HD031,https://data.riksdagen.se/dokument/HD01F%C3%B6U1,explicit_citation,document_level_only
HD01FöU2:1,2025/26,FöU2,1,HD0328,2025/26:28,Ett starkt skydd för nätverks- och informationssystem - en ny cybersäkerhetslag,https://data.riksdagen.se/dokument/HD0328,https://data.riksdagen.se/dokument/HD01F%C3%B6U2,explicit_citation,document_level_only
HD01FöU3:1,2025/26,FöU3,1,HC03193,2024/25:193,"Försvarsindustristrategi för ett starkare Sverige - innovation, produktion och samarbete",https://data.riksdagen.se/dokument/HC03193,https://data.riksdagen.se/dokument/HD01F%C3%B6U3,explicit_citation,document_level_only
HD01FöU6:1,2025/26,FöU6,1,HD0370,2025/26:70,Integritetsskydd vid signalspaning i försvarsunderrättelseverksamhet,https://data.riksdagen.se/dokument/HD0370,https://data.riksdagen.se/dokument/HD01F%C3%B6U6,explicit_citation,document_level_only
HD01FöU7:1,2025/26,FöU7,1,HC03206,2024/25:206,Riksrevisionens rapport om den statliga styrningen av det civila försvarets uppbyggnad,https://data.riksdagen.se/dokument/HC03206,https://data.riksdagen.se/dokument/HD01F%C3%B6U7,explicit_citation,document_level_only
HD01JuU10:1,2025/26,JuU10,1,HD03141,2025/26:141,En ny vapenlag,https://data.riksdagen.se/dokument/HD03141,https://data.riksdagen.se/dokument/HD01JuU10,explicit_citation,document_level_only
HD01JuU10:2,2025/26,JuU10,2,HD03141,2025/26:141,En ny vapenlag,https://data.riksdagen.se/dokument/HD03141,https://data.riksdagen.se/dokument/HD01JuU10,explicit_citation,document_level_only
HD01JuU10:3,2025/26,JuU10,3,HD03141,2025/26:141,En ny vapenlag,https://data.riksdagen.se/dokument/HD03141,https://data.riksdagen.se/dokument/HD01JuU10,explicit_citation,document_level_only
HD01JuU22:1,2025/26,JuU22,1,HD0361,2025/26:61,Utökade registerkontroller vid anställning i kommun,https://data.riksdagen.se/dokument/HD0361,https://data.riksdagen.se/dokument/HD01JuU22,explicit_citation,document_level_only
HD01JuU25:3,2025/26,JuU25,3,HD0382,2025/26:82,Redovisning av användningen av hemliga tvångsmedel under 2024,https://data.riksdagen.se/dokument/HD0382,https://data.riksdagen.se/dokument/HD01JuU25,explicit_citation,document_level_only
HD01JuU27:1,2025/26,JuU27,1,HD0395,2025/26:95,Säkerhetsförvaring - en ny tidsobestämd frihetsberövande påföljd,https://data.riksdagen.se/dokument/HD0395,https://data.riksdagen.se/dokument/HD01JuU27,explicit_citation,document_level_only
HD01JuU28:1,2025/26,JuU28,1,HD03150,2025/26:150,Polisens användning av AI för ansiktsigenkänning i realtid,https://data.riksdagen.se/dokument/HD03150,https://data.riksdagen.se/dokument/HD01JuU28,explicit_citation,document_level_only
HD01JuU2:1,2025/26,JuU2,1,HC03175,2024/25:175,Hemliga och preventiva tvångsmedel när barn under 15 år begår brott,https://data.riksdagen.se/dokument/HC03175,https://data.riksdagen.se/dokument/HD01JuU2,explicit_citation,document_level_only
HD01JuU30:1,2025/26,JuU30,1,HD03132,2025/26:132,Frihetsberövande påföljder för barn och unga,https://data.riksdagen.se/dokument/HD03132,https://data.riksdagen.se/dokument/HD01JuU30,explicit_citation,document_level_only
HD01JuU31:2,2025/26,JuU31,2,HD03110,2025/26:110,Riksrevisionens rapport om Polisreformen 2015,https://data.riksdagen.se/dokument/HD03110,https://data.riksdagen.se/dokument/HD01JuU31,explicit_citation,document_level_only
HD01JuU35:1,2025/26,JuU35,1,HD03185,2025/26:185,Tillfällig verkställighet av svenska fängelsestraff utomlands,https://data.riksdagen.se/dokument/HD03185,https://data.riksdagen.se/dokument/HD01JuU35,explicit_citation,document_level_only
HD01JuU35:2,2025/26,JuU35,2,HD03185,2025/26:185,Tillfällig verkställighet av svenska fängelsestraff utomlands,https://data.riksdagen.se/dokument/HD03185,https://data.riksdagen.se/dokument/HD01JuU35,explicit_citation,document_level_only
HD01JuU37:1,2025/26,JuU37,1,HD03227,2025/26:227,Bättre möjligheter att utreda brott av unga lagöverträdare och några andra processrättsliga frågor,https://data.riksdagen.se/dokument/HD03227,https://data.riksdagen.se/dokument/HD01JuU37,explicit_citation,document_level_only
HD01JuU38:1,2025/26,JuU38,1,HD03181,2025/26:181,Ett förstärkt samhällsskydd och tydligare reaktioner vid återfall i brott,https://data.riksdagen.se/dokument/HD03181,https://data.riksdagen.se/dokument/HD01JuU38,explicit_citation,document_level_only
HD01JuU38:2,2025/26,JuU38,2,HD03181,2025/26:181,Ett förstärkt samhällsskydd och tydligare reaktioner vid återfall i brott,https://data.riksdagen.se/dokument/HD03181,https://data.riksdagen.se/dokument/HD01JuU38,explicit_citation,document_level_only
HD01JuU39:1,2025/26,JuU39,1,HD03138,2025/26:138,En särskild straffbestämmelse för psykiskt våld,https://data.riksdagen.se/dokument/HD03138,https://data.riksdagen.se/dokument/HD01JuU39,explicit_citation,document_level_only
HD01JuU3:1,2025/26,JuU3,1,HC03189,2024/25:189,"Kriminalisering av oskuldskontroller, oskuldsintyg och oskuldsingrepp",https://data.riksdagen.se/dokument/HC03189,https://data.riksdagen.se/dokument/HD01JuU3,explicit_citation,document_level_only
HD01JuU40:2,2025/26,JuU40,2,HD03217,2025/26:217,Ett utökat straffrättsligt tjänstemannaansvar,https://data.riksdagen.se/dokument/HD03217,https://data.riksdagen.se/dokument/HD01JuU40,explicit_citation,document_level_only
HD01JuU40:3,2025/26,JuU40,3,HD03217,2025/26:217,Ett utökat straffrättsligt tjänstemannaansvar,https://data.riksdagen.se/dokument/HD03217,https://data.riksdagen.se/dokument/HD01JuU40,explicit_citation,document_level_only
HD01JuU41:2,2025/26,JuU41,2,HD03293,2025/26:293,Skärpta regler för unga lagöverträdare,https://data.riksdagen.se/dokument/HD03293,https://data.riksdagen.se/dokument/HD01JuU41,explicit_citation,document_level_only
HD01JuU41:3,2025/26,JuU41,3,HD03293,2025/26:293,Skärpta regler för unga lagöverträdare,https://data.riksdagen.se/dokument/HD03293,https://data.riksdagen.se/dokument/HD01JuU41,explicit_citation,document_level_only
HD01JuU41:4,2025/26,JuU41,4,HD03293,2025/26:293,Skärpta regler för unga lagöverträdare,https://data.riksdagen.se/dokument/HD03293,https://data.riksdagen.se/dokument/HD01JuU41,explicit_citation,document_level_only
HD01JuU41:4,2025/26,JuU41,4,HD03294,2025/26:294,För barns rättigheter och trygghet - en ny lag om omhändertagande för vård av barn och unga,https://data.riksdagen.se/dokument/HD03294,https://data.riksdagen.se/dokument/HD01JuU41,explicit_citation,document_level_only
HD01JuU41:4,2025/26,JuU41,4,HD03295,2025/26:295,Förebyggande insatser inom socialtjänsten till skydd för barn och unga vid bristande medverkan,https://data.riksdagen.se/dokument/HD03295,https://data.riksdagen.se/dokument/HD01JuU41,explicit_citation,document_level_only
HD01JuU41:5,2025/26,JuU41,5,HD03293,2025/26:293,Skärpta regler för unga lagöverträdare,https://data.riksdagen.se/dokument/HD03293,https://data.riksdagen.se/dokument/HD01JuU41,explicit_citation,document_level_only
HD01JuU41:6,2025/26,JuU41,6,HD03293,2025/26:293,Skärpta regler för unga lagöverträdare,https://data.riksdagen.se/dokument/HD03293,https://data.riksdagen.se/dokument/HD01JuU41,explicit_citation,document_level_only
HD01JuU41:6,2025/26,JuU41,6,HD03294,2025/26:294,För barns rättigheter och trygghet - en ny lag om omhändertagande för vård av barn och unga,https://data.riksdagen.se/dokument/HD03294,https://data.riksdagen.se/dokument/HD01JuU41,explicit_citation,document_level_only
HD01JuU42:1,2025/26,JuU42,1,HD03218,2025/26:218,Dubbla straff för brott i kriminella nätverk och skärpta straffskalor,https://data.riksdagen.se/dokument/HD03218,https://data.riksdagen.se/dokument/HD01JuU42,explicit_citation,document_level_only
HD01JuU45:1,2025/26,JuU45,1,HD03267,2025/26:267,Stärkt skydd mot utlänningar som utgör kvalificerade säkerhetshot,https://data.riksdagen.se/dokument/HD03267,https://data.riksdagen.se/dokument/HD01JuU45,explicit_citation,document_level_only
HD01JuU47:1,2025/26,JuU47,1,HD03276,2025/26:276,Nya möjligheter att bekämpa onlinerekrytering,https://data.riksdagen.se/dokument/HD03276,https://data.riksdagen.se/dokument/HD01JuU47,explicit_citation,document_level_only
HD01JuU48:1,2025/26,JuU48,1,HD03297,2025/26:297,Ett nytt straffrättsligt påföljdssystem,https://data.riksdagen.se/dokument/HD03297,https://data.riksdagen.se/dokument/HD01JuU48,explicit_citation,document_level_only
HD01JuU6:1,2025/26,JuU6,1,HC03195,2024/25:195,Skärpta krav för offentliga biträden och höjda kompetenskrav för tolkar i migrationsärenden,https://data.riksdagen.se/dokument/HC03195,https://data.riksdagen.se/dokument/HD01JuU6,explicit_citation,document_level_only
HD01JuU8:1,2025/26,JuU8,1,HD0334,2025/26:34,Skärpta regler för villkorlig frigivning,https://data.riksdagen.se/dokument/HD0334,https://data.riksdagen.se/dokument/HD01JuU8,explicit_citation,document_level_only
HD01JuU9:1,2025/26,JuU9,1,HD03155,2025/26:155,En mer rättssäker och effektiv domstolsprocess,https://data.riksdagen.se/dokument/HD03155,https://data.riksdagen.se/dokument/HD01JuU9,explicit_citation,document_level_only
HD01KU12:1,2025/26,KU12,1,HC03197,2024/25:197,Kompletterande bestämmelser till EU:s mediefrihetsförordning,https://data.riksdagen.se/dokument/HC03197,https://data.riksdagen.se/dokument/HD01KU12,explicit_citation,document_level_only
HD01KU13:1,2025/26,KU13,1,HD034,2025/26:4,Kompletterande bestämmelser till EU:s förordning om politisk reklam,https://data.riksdagen.se/dokument/HD034,https://data.riksdagen.se/dokument/HD01KU13,explicit_citation,document_level_only
HD01KU2:1,2025/26,KU2,1,HC03165,2024/25:165,Stärkt skydd för demokratin och domstolarnas oberoende,https://data.riksdagen.se/dokument/HC03165,https://data.riksdagen.se/dokument/HD01KU2,explicit_citation,document_level_only
HD01KU31:1,2025/26,KU31,1,HD0362,2025/26:62,Riksrevisionens rapport om statens främjande av de nationella minoritetsspråken,https://data.riksdagen.se/dokument/HD0362,https://data.riksdagen.se/dokument/HD01KU31,explicit_citation,document_level_only
HD01KU33:1,2025/26,KU33,1,HD0371,2025/26:71,Insyn i handlingar som inhämtas genom beslag och kopiering vid husrannsakan,https://data.riksdagen.se/dokument/HD0371,https://data.riksdagen.se/dokument/HD01KU33,explicit_citation,document_level_only
HD01KU34:1,2025/26,KU34,1,HD0378,2025/26:78,En grundlagsskyddad aborträtt samt utökade möjligheter att begränsa föreningsfriheten och rätten till medborgarskap,https://data.riksdagen.se/dokument/HD0378,https://data.riksdagen.se/dokument/HD01KU34,explicit_citation,document_level_only
HD01KU39:1,2025/26,KU39,1,HD03258,2025/26:258,Ökad insyn i politiska processer,https://data.riksdagen.se/dokument/HD03258,https://data.riksdagen.se/dokument/HD01KU39,explicit_citation,document_level_only
HD01KU41:1,2025/26,KU41,1,HD03103,2025/26:103,Kommittéberättelse - kommittéernas verksamhet under 2025,https://data.riksdagen.se/dokument/HD03103,https://data.riksdagen.se/dokument/HD01KU41,explicit_citation,document_level_only
HD01KU42:1,2025/26,KU42,1,HD03100,2025/26:100,2026 års ekonomiska vårproposition,https://data.riksdagen.se/dokument/HD03100,https://data.riksdagen.se/dokument/HD01KU42,explicit_citation,document_level_only
HD01KU4:1,2025/26,KU4,1,HC03181,2024/25:181,Säkerhet och tillgänglighet vid val,https://data.riksdagen.se/dokument/HC03181,https://data.riksdagen.se/dokument/HD01KU4,explicit_citation,document_level_only
HD01KU6:1,2025/26,KU6,1,HC03180,2024/25:180,Ökat informationsutbyte mellan myndigheter - en ny sekretessbrytande bestämmelse,https://data.riksdagen.se/dokument/HC03180,https://data.riksdagen.se/dokument/HD01KU6,explicit_citation,document_level_only
HD01KU8:1,2025/26,KU8,1,HC03155,2024/25:155,Stärkt konstitutionell beredskap,https://data.riksdagen.se/dokument/HC03155,https://data.riksdagen.se/dokument/HD01KU8,explicit_citation,document_level_only
HD01KrU2:1,2025/26,KrU2,1,HC03166,2024/25:166,En lag om public service och riktlinjer för verksamheten 2026-2033,https://data.riksdagen.se/dokument/HC03166,https://data.riksdagen.se/dokument/HD01KrU2,explicit_citation,document_level_only
HD01KrU2:2,2025/26,KrU2,2,HC03166,2024/25:166,En lag om public service och riktlinjer för verksamheten 2026-2033,https://data.riksdagen.se/dokument/HC03166,https://data.riksdagen.se/dokument/HD01KrU2,explicit_citation,document_level_only
HD01KrU2:3,2025/26,KrU2,3,HC03166,2024/25:166,En lag om public service och riktlinjer för verksamheten 2026-2033,https://data.riksdagen.se/dokument/HC03166,https://data.riksdagen.se/dokument/HD01KrU2,explicit_citation,document_level_only
HD01KrU2:4,2025/26,KrU2,4,HC03166,2024/25:166,En lag om public service och riktlinjer för verksamheten 2026-2033,https://data.riksdagen.se/dokument/HC03166,https://data.riksdagen.se/dokument/HD01KrU2,explicit_citation,document_level_only
HD01KrU3:1,2025/26,KrU3,1,HD0311,2025/26:11,Ett nytt förbud mot spel på kredit,https://data.riksdagen.se/dokument/HD0311,https://data.riksdagen.se/dokument/HD01KrU3,explicit_citation,document_level_only
HD01KrU9:1,2025/26,KrU9,1,HD03163,2025/26:163,"Attraktiva platser - bredare genomslag för politiken för arkitektur, form och design",https://data.riksdagen.se/dokument/HD03163,https://data.riksdagen.se/dokument/HD01KrU9,explicit_citation,document_level_only
HD01MJU13:1,2025/26,MJU13,1,HD0341,2025/26:41,Skärpningar av regelverket för invasiva främmande arter,https://data.riksdagen.se/dokument/HD0341,https://data.riksdagen.se/dokument/HD01MJU13,explicit_citation,document_level_only
HD01MJU15:1,2025/26,MJU15,1,HD0357,2025/26:57,Hund under kontroll,https://data.riksdagen.se/dokument/HD0357,https://data.riksdagen.se/dokument/HD01MJU15,explicit_citation,document_level_only
HD01MJU17:1,2025/26,MJU17,1,HD0377,2025/26:77,Anpassning av svensk rätt till EU:s nya förordning om skyddade beteckningar på jordbruksprodukter och livsmedel,https://data.riksdagen.se/dokument/HD0377,https://data.riksdagen.se/dokument/HD01MJU17,explicit_citation,document_level_only
HD01MJU19:1,2025/26,MJU19,1,HD03108,2025/26:108,Reformering av avfallslagstiftningen för ökad materialåtervinning,https://data.riksdagen.se/dokument/HD03108,https://data.riksdagen.se/dokument/HD01MJU19,explicit_citation,document_level_only
HD01MJU20:2,2025/26,MJU20,2,HD03122,2025/26:122,Riksrevisionens rapport om statens arbete med underlag och utvärdering inom det klimatpolitiska ramverket,https://data.riksdagen.se/dokument/HD03122,https://data.riksdagen.se/dokument/HD01MJU20,explicit_citation,document_level_only
HD01MJU21:5,2025/26,MJU21,5,HD03113,2025/26:113,Riksrevisionens rapport om statens insatser för jordbrukets klimatomställning,https://data.riksdagen.se/dokument/HD03113,https://data.riksdagen.se/dokument/HD01MJU21,explicit_citation,document_level_only
HD01MJU22:4,2025/26,MJU22,4,HD03153,2025/26:153,Riksrevisionens rapport om internationella klimatinsatser,https://data.riksdagen.se/dokument/HD03153,https://data.riksdagen.se/dokument/HD01MJU22,explicit_citation,document_level_only
HD01MJU23:1,2025/26,MJU23,1,HD03211,2025/26:211,Förenklingar i jaktlagstiftningen,https://data.riksdagen.se/dokument/HD03211,https://data.riksdagen.se/dokument/HD01MJU23,explicit_citation,document_level_only
HD01MJU23:2,2025/26,MJU23,2,HD03211,2025/26:211,Förenklingar i jaktlagstiftningen,https://data.riksdagen.se/dokument/HD03211,https://data.riksdagen.se/dokument/HD01MJU23,explicit_citation,document_level_only
HD01MJU24:2,2025/26,MJU24,2,HD03238,2025/26:238,Ny myndighet för miljöprövning,https://data.riksdagen.se/dokument/HD03238,https://data.riksdagen.se/dokument/HD01MJU24,explicit_citation,document_level_only
HD01MJU25:1,2025/26,MJU25,1,HD03205,2025/26:205,Beredskapslager i livsmedelskedjan,https://data.riksdagen.se/dokument/HD03205,https://data.riksdagen.se/dokument/HD01MJU25,explicit_citation,document_level_only
HD01MJU27:1,2025/26,MJU27,1,HD03206,2025/26:206,Stärkt kontroll av fusk i livsmedelskedjan,https://data.riksdagen.se/dokument/HD03206,https://data.riksdagen.se/dokument/HD01MJU27,explicit_citation,document_level_only
HD01MJU28:1,2025/26,MJU28,1,HD03230,2025/26:230,Ersättning vid rådighetsinskränkningar till följd av artskyddet,https://data.riksdagen.se/dokument/HD03230,https://data.riksdagen.se/dokument/HD01MJU28,explicit_citation,document_level_only
HD01MJU29:2,2025/26,MJU29,2,HD03242,2025/26:242,Ett tydligt regelverk för aktivt skogsbruk,https://data.riksdagen.se/dokument/HD03242,https://data.riksdagen.se/dokument/HD01MJU29,explicit_citation,document_level_only
HD01NU10:1,2025/26,NU10,1,HD0326,2025/26:26,Regelverket för framtidens el- och gasnät,https://data.riksdagen.se/dokument/HD0326,https://data.riksdagen.se/dokument/HD01NU10,explicit_citation,document_level_only
HD01NU18:1,2025/26,NU18,1,HD03118,2025/26:118,Tillståndsprövning enligt förnybartdirektivet,https://data.riksdagen.se/dokument/HD03118,https://data.riksdagen.se/dokument/HD01NU18,explicit_citation,document_level_only
HD01NU19:1,2025/26,NU19,1,HD03171,2025/26:171,En mer ändamålsenlig prövning av kärntekniska anläggningar,https://data.riksdagen.se/dokument/HD03171,https://data.riksdagen.se/dokument/HD01NU19,explicit_citation,document_level_only
HD01NU1:2,2025/26,NU1,2,HD031,2025/26:1,Budgetpropositionen för 2026,https://data.riksdagen.se/dokument/HD031,https://data.riksdagen.se/dokument/HD01NU1,explicit_citation,document_level_only
HD01NU20:1,2025/26,NU20,1,HD03239,2025/26:239,Vindkraft i kommuner,https://data.riksdagen.se/dokument/HD03239,https://data.riksdagen.se/dokument/HD01NU20,explicit_citation,document_level_only
HD01NU21:1,2025/26,NU21,1,HD03158,2025/26:158,Hela Sverige ska fungera - politik för starkare landsbygder,https://data.riksdagen.se/dokument/HD03158,https://data.riksdagen.se/dokument/HD01NU21,explicit_citation,document_level_only
HD01NU22:1,2025/26,NU22,1,HD03203,2025/26:203,Nya verktyg för stärkt konkurrens i privat och offentlig verksamhet,https://data.riksdagen.se/dokument/HD03203,https://data.riksdagen.se/dokument/HD01NU22,explicit_citation,document_level_only
HD01NU22:2,2025/26,NU22,2,HD03203,2025/26:203,Nya verktyg för stärkt konkurrens i privat och offentlig verksamhet,https://data.riksdagen.se/dokument/HD03203,https://data.riksdagen.se/dokument/HD01NU22,explicit_citation,document_level_only
HD01NU23:1,2025/26,NU23,1,HD03184,2025/26:184,Privatkopieringsersättning,https://data.riksdagen.se/dokument/HD03184,https://data.riksdagen.se/dokument/HD01NU23,explicit_citation,document_level_only
HD01NU24:1,2025/26,NU24,1,HD03160,2025/26:160,Ny kärnkraft i Sverige - fler möjliga platser vid kusten,https://data.riksdagen.se/dokument/HD03160,https://data.riksdagen.se/dokument/HD01NU24,explicit_citation,document_level_only
HD01NU25:1,2025/26,NU25,1,HD03240,2025/26:240,Nya lagar om elsystemet,https://data.riksdagen.se/dokument/HD03240,https://data.riksdagen.se/dokument/HD01NU25,explicit_citation,document_level_only
HD01NU27:1,2025/26,NU27,1,HD03168,2025/26:168,Ändamålsenliga säkerhets- och strålskyddskrav för utvinning och bearbetning av kärnämnen,https://data.riksdagen.se/dokument/HD03168,https://data.riksdagen.se/dokument/HD01NU27,explicit_citation,document_level_only
HD01NU4:1,2025/26,NU4,1,HC03140,2024/25:140,2025 års redogörelse för företag med statligt ägande,https://data.riksdagen.se/dokument/HC03140,https://data.riksdagen.se/dokument/HD01NU4,explicit_citation,document_level_only
HD01NU7:1,2025/26,NU7,1,HC03203,2024/25:203,Förbudet mot utvinning av uran tas bort,https://data.riksdagen.se/dokument/HC03203,https://data.riksdagen.se/dokument/HD01NU7,explicit_citation,document_level_only
HD01NU8:1,2025/26,NU8,1,HD0316,2025/26:16,Förbättrad utformning av EU:s elmarknad,https://data.riksdagen.se/dokument/HD0316,https://data.riksdagen.se/dokument/HD01NU8,explicit_citation,document_level_only
HD01NU9:1,2025/26,NU9,1,HD038,2025/26:8,Riksrevisionens rapport om LKAB:s omställning,https://data.riksdagen.se/dokument/HD038,https://data.riksdagen.se/dokument/HD01NU9,explicit_citation,document_level_only
HD01SfU11:1,2025/26,SfU11,1,HD0366,2025/26:66,Tillfälligt nedsatta arbetsgivaravgifter för 19-23-åringar,https://data.riksdagen.se/dokument/HD0366,https://data.riksdagen.se/dokument/HD01SfU11,explicit_citation,document_level_only
HD01SfU12:1,2025/26,SfU12,1,HD0387,2025/26:87,Nya regler för arbetskraftsinvandring,https://data.riksdagen.se/dokument/HD0387,https://data.riksdagen.se/dokument/HD01SfU12,explicit_citation,document_level_only
HD01SfU12:2,2025/26,SfU12,2,HD0387,2025/26:87,Nya regler för arbetskraftsinvandring,https://data.riksdagen.se/dokument/HD0387,https://data.riksdagen.se/dokument/HD01SfU12,explicit_citation,document_level_only
HD01SfU12:3,2025/26,SfU12,3,HD0387,2025/26:87,Nya regler för arbetskraftsinvandring,https://data.riksdagen.se/dokument/HD0387,https://data.riksdagen.se/dokument/HD01SfU12,explicit_citation,document_level_only
HD01SfU12:4,2025/26,SfU12,4,HD0387,2025/26:87,Nya regler för arbetskraftsinvandring,https://data.riksdagen.se/dokument/HD0387,https://data.riksdagen.se/dokument/HD01SfU12,explicit_citation,document_level_only
HD01SfU12:5,2025/26,SfU12,5,HD0387,2025/26:87,Nya regler för arbetskraftsinvandring,https://data.riksdagen.se/dokument/HD0387,https://data.riksdagen.se/dokument/HD01SfU12,explicit_citation,document_level_only
HD01SfU12:6,2025/26,SfU12,6,HD0387,2025/26:87,Nya regler för arbetskraftsinvandring,https://data.riksdagen.se/dokument/HD0387,https://data.riksdagen.se/dokument/HD01SfU12,explicit_citation,document_level_only
HD01SfU1:2,2025/26,SfU1,2,HD031,2025/26:1,Budgetpropositionen för 2026,https://data.riksdagen.se/dokument/HD031,https://data.riksdagen.se/dokument/HD01SfU1,explicit_citation,document_level_only
HD01SfU21:1,2025/26,SfU21,1,HD03136,2025/26:136,Kvalificering till socialförsäkringen,https://data.riksdagen.se/dokument/HD03136,https://data.riksdagen.se/dokument/HD01SfU21,explicit_citation,document_level_only
HD01SfU22:1,2025/26,SfU22,1,HD03145,2025/26:145,Inhibition av verkställigheten - en ny ordning för vissa utlänningar vid tillfälliga verkställighetshinder,https://data.riksdagen.se/dokument/HD03145,https://data.riksdagen.se/dokument/HD01SfU22,explicit_citation,document_level_only
HD01SfU23:1,2025/26,SfU23,1,HD03146,2025/26:146,Bättre migrationsrättsliga regler för forskare och doktorander samt åtgärder för att motverka missbruk av uppehållstillstånd för studier,https://data.riksdagen.se/dokument/HD03146,https://data.riksdagen.se/dokument/HD01SfU23,explicit_citation,document_level_only
HD01SfU26:1,2025/26,SfU26,1,HD03210,2025/26:210,Bidragsspärr och sanktionsavgift i socialförsäkringen,https://data.riksdagen.se/dokument/HD03210,https://data.riksdagen.se/dokument/HD01SfU26,explicit_citation,document_level_only
HD01SfU28:1,2025/26,SfU28,1,HD03175,2025/26:175,Skärpta krav för svenskt medborgarskap,https://data.riksdagen.se/dokument/HD03175,https://data.riksdagen.se/dokument/HD01SfU28,explicit_citation,document_level_only
HD01SfU30:1,2025/26,SfU30,1,HD03262,2025/26:262,Utmönstring av permanent uppehållstillstånd och anpassning av svensk rätt till EU:s migrations- och asylpakt,https://data.riksdagen.se/dokument/HD03262,https://data.riksdagen.se/dokument/HD01SfU30,explicit_citation,document_level_only
HD01SfU31:1,2025/26,SfU31,1,HD03229,2025/26:229,En ny mottagandelag,https://data.riksdagen.se/dokument/HD03229,https://data.riksdagen.se/dokument/HD01SfU31,explicit_citation,document_level_only
HD01SfU31:1,2025/26,SfU31,1,HD03265,2025/26:265,Skärpta regler om uppsikt och förvar,https://data.riksdagen.se/dokument/HD03265,https://data.riksdagen.se/dokument/HD01SfU31,explicit_citation,document_level_only
HD01SfU32:2,2025/26,SfU32,2,HD03263,2025/26:263,Stärkt återvändandeverksamhet,https://data.riksdagen.se/dokument/HD03263,https://data.riksdagen.se/dokument/HD01SfU32,explicit_citation,document_level_only
HD01SfU32:3,2025/26,SfU32,3,HD03263,2025/26:263,Stärkt återvändandeverksamhet,https://data.riksdagen.se/dokument/HD03263,https://data.riksdagen.se/dokument/HD01SfU32,explicit_citation,document_level_only
HD01SfU33:1,2025/26,SfU33,1,HD03235,2025/26:235,Skärpta regler om utvisning på grund av brott,https://data.riksdagen.se/dokument/HD03235,https://data.riksdagen.se/dokument/HD01SfU33,explicit_citation,document_level_only
HD01SfU34:6,2025/26,SfU34,6,HD03137,2025/26:137,Riksrevisionens rapport om förvar i migrationsprocessen,https://data.riksdagen.se/dokument/HD03137,https://data.riksdagen.se/dokument/HD01SfU34,explicit_citation,document_level_only
HD01SfU35:2,2025/26,SfU35,2,HD03229,2025/26:229,En ny mottagandelag,https://data.riksdagen.se/dokument/HD03229,https://data.riksdagen.se/dokument/HD01SfU35,explicit_citation,document_level_only
HD01SfU35:3,2025/26,SfU35,3,HD03229,2025/26:229,En ny mottagandelag,https://data.riksdagen.se/dokument/HD03229,https://data.riksdagen.se/dokument/HD01SfU35,explicit_citation,document_level_only
HD01SfU35:4,2025/26,SfU35,4,HD03229,2025/26:229,En ny mottagandelag,https://data.riksdagen.se/dokument/HD03229,https://data.riksdagen.se/dokument/HD01SfU35,explicit_citation,document_level_only
HD01SfU36:1,2025/26,SfU36,1,HD03264,2025/26:264,Skärpta och tydligare krav på vandel för uppehållstillstånd,https://data.riksdagen.se/dokument/HD03264,https://data.riksdagen.se/dokument/HD01SfU36,explicit_citation,document_level_only
HD01SfU37:1,2025/26,SfU37,1,HD03301,2025/26:301,Skärpta villkor för anhöriginvandring,https://data.riksdagen.se/dokument/HD03301,https://data.riksdagen.se/dokument/HD01SfU37,explicit_citation,document_level_only
HD01SfU37:2,2025/26,SfU37,2,HD03301,2025/26:301,Skärpta villkor för anhöriginvandring,https://data.riksdagen.se/dokument/HD03301,https://data.riksdagen.se/dokument/HD01SfU37,explicit_citation,document_level_only
HD01SfU37:3,2025/26,SfU37,3,HD03301,2025/26:301,Skärpta villkor för anhöriginvandring,https://data.riksdagen.se/dokument/HD03301,https://data.riksdagen.se/dokument/HD01SfU37,explicit_citation,document_level_only
HD01SfU37:4,2025/26,SfU37,4,HD03301,2025/26:301,Skärpta villkor för anhöriginvandring,https://data.riksdagen.se/dokument/HD03301,https://data.riksdagen.se/dokument/HD01SfU37,explicit_citation,document_level_only
HD01SfU37:5,2025/26,SfU37,5,HD03301,2025/26:301,Skärpta villkor för anhöriginvandring,https://data.riksdagen.se/dokument/HD03301,https://data.riksdagen.se/dokument/HD01SfU37,explicit_citation,document_level_only
HD01SfU5:1,2025/26,SfU5,1,HC03176,2024/25:176,Anpassning av svensk rätt till den reviderade VIS-förordningen,https://data.riksdagen.se/dokument/HC03176,https://data.riksdagen.se/dokument/HD01SfU5,explicit_citation,document_level_only
HD01SfU5:2,2025/26,SfU5,2,HC03176,2024/25:176,Anpassning av svensk rätt till den reviderade VIS-förordningen,https://data.riksdagen.se/dokument/HC03176,https://data.riksdagen.se/dokument/HD01SfU5,explicit_citation,document_level_only
HD01SfU9:1,2025/26,SfU9,1,HD0353,2025/26:53,Arbetsprövning med bibehållen sjukpenning,https://data.riksdagen.se/dokument/HD0353,https://data.riksdagen.se/dokument/HD01SfU9,explicit_citation,document_level_only
HD01SfU9:2,2025/26,SfU9,2,HD0353,2025/26:53,Arbetsprövning med bibehållen sjukpenning,https://data.riksdagen.se/dokument/HD0353,https://data.riksdagen.se/dokument/HD01SfU9,explicit_citation,document_level_only
HD01SkU18:1,2025/26,SkU18,1,HD0369,2025/26:69,Förbättrat regelverk om beskattning av skog,https://data.riksdagen.se/dokument/HD0369,https://data.riksdagen.se/dokument/HD01SkU18,explicit_citation,document_level_only
HD01SkU20:1,2025/26,SkU20,1,HD03102,2025/26:102,Utbyte av uppgifter i tilläggsskatterapport och kompletteringar av förfarandet av tilläggsskatt för företag i stora koncerner,https://data.riksdagen.se/dokument/HD03102,https://data.riksdagen.se/dokument/HD01SkU20,explicit_citation,document_level_only
HD01SkU23:1,2025/26,SkU23,1,HD0380,2025/26:80,Permanent skattefrihet för förmån av laddel på arbetsplatsen och utvidgad rätt till avdrag för drivmedelsutgifter,https://data.riksdagen.se/dokument/HD0380,https://data.riksdagen.se/dokument/HD01SkU23,explicit_citation,document_level_only
HD01SkU26:1,2025/26,SkU26,1,HD0391,2025/26:91,Ett undantag i kupongskattelagen för utländska stater,https://data.riksdagen.se/dokument/HD0391,https://data.riksdagen.se/dokument/HD01SkU26,explicit_citation,document_level_only
HD01SkU29:1,2025/26,SkU29,1,HD03243,2025/26:243,Förbättrade regler för svensk tonnagebeskattning,https://data.riksdagen.se/dokument/HD03243,https://data.riksdagen.se/dokument/HD01SkU29,explicit_citation,document_level_only
HD01SkU30:1,2025/26,SkU30,1,HD03261,2025/26:261,Utökade befogenheter för Skatteverket inom folkbokföringsverksamheten,https://data.riksdagen.se/dokument/HD03261,https://data.riksdagen.se/dokument/HD01SkU30,explicit_citation,document_level_only
HD01SkU5:1,2025/26,SkU5,1,HD0322,2025/26:22,Ytterligare kompletteringar till bestämmelserna om tilläggsskatt för företag i stora koncerner,https://data.riksdagen.se/dokument/HD0322,https://data.riksdagen.se/dokument/HD01SkU5,explicit_citation,document_level_only
HD01SkU8:1,2025/26,SkU8,1,HD0320,2025/26:20,Anpassningar av ränteavdragsreglerna till EU-rätten,https://data.riksdagen.se/dokument/HD0320,https://data.riksdagen.se/dokument/HD01SkU8,explicit_citation,document_level_only
HD01SoU10:1,2025/26,SoU10,1,HD0327,2025/26:27,Ett förstärkt högkostnadsskydd för tandvård,https://data.riksdagen.se/dokument/HD0327,https://data.riksdagen.se/dokument/HD01SoU10,explicit_citation,document_level_only
HD01SoU23:1,2025/26,SoU23,1,HD0319,2025/26:19,Nästa steg för en god och nära vård,https://data.riksdagen.se/dokument/HD0319,https://data.riksdagen.se/dokument/HD01SoU23,explicit_citation,document_level_only
HD01SoU25:1,2025/26,SoU25,1,HD0360,2025/26:60,Stärkta insatser för äldre och för de som vårdar eller stöder närstående,https://data.riksdagen.se/dokument/HD0360,https://data.riksdagen.se/dokument/HD01SoU25,explicit_citation,document_level_only
HD01SoU26:1,2025/26,SoU26,1,HD0393,2025/26:93,Ett språkkrav inom äldreomsorgen,https://data.riksdagen.se/dokument/HD0393,https://data.riksdagen.se/dokument/HD01SoU26,explicit_citation,document_level_only
HD01SoU29:1,2025/26,SoU29,1,HD03207,2025/26:207,Aktivitetskrav för mottagare av försörjningsstöd,https://data.riksdagen.se/dokument/HD03207,https://data.riksdagen.se/dokument/HD01SoU29,explicit_citation,document_level_only
HD01SoU2:5,2025/26,SoU2,5,HC03147,2024/25:147,Riksrevisionens rapport om sektorsansvaret i funktionshinderspolitiken,https://data.riksdagen.se/dokument/HC03147,https://data.riksdagen.se/dokument/HD01SoU2,explicit_citation,document_level_only
HD01SoU30:1,2025/26,SoU30,1,HD03201,2025/26:201,Reformerat försörjningsstöd - bidragstak och ökade möjligheter till arbete,https://data.riksdagen.se/dokument/HD03201,https://data.riksdagen.se/dokument/HD01SoU30,explicit_citation,document_level_only
HD01SoU31:1,2025/26,SoU31,1,HD03190,2025/26:190,En nationell utredningsfunktion för att förebygga suicid,https://data.riksdagen.se/dokument/HD03190,https://data.riksdagen.se/dokument/HD01SoU31,explicit_citation,document_level_only
HD01SoU32:2,2025/26,SoU32,2,HD03216,2025/26:216,Stärkt medicinsk kompetens i kommunal hälso- och sjukvård,https://data.riksdagen.se/dokument/HD03216,https://data.riksdagen.se/dokument/HD01SoU32,explicit_citation,document_level_only
HD01SoU33:1,2025/26,SoU33,1,HD03221,2025/26:221,Slopat matkrav för serveringstillstånd,https://data.riksdagen.se/dokument/HD03221,https://data.riksdagen.se/dokument/HD01SoU33,explicit_citation,document_level_only
HD01SoU34:1,2025/26,SoU34,1,HD03251,2025/26:251,En mer sammanhållen vård för personer med skadligt bruk eller beroende och andra psykiatriska tillstånd,https://data.riksdagen.se/dokument/HD03251,https://data.riksdagen.se/dokument/HD01SoU34,explicit_citation,document_level_only
HD01SoU38:1,2025/26,SoU38,1,HD03294,2025/26:294,För barns rättigheter och trygghet - en ny lag om omhändertagande för vård av barn och unga,https://data.riksdagen.se/dokument/HD03294,https://data.riksdagen.se/dokument/HD01SoU38,explicit_citation,document_level_only
HD01SoU39:1,2025/26,SoU39,1,HD03295,2025/26:295,Förebyggande insatser inom socialtjänsten till skydd för barn och unga vid bristande medverkan,https://data.riksdagen.se/dokument/HD03295,https://data.riksdagen.se/dokument/HD01SoU39,explicit_citation,document_level_only
HD01SoU40:1,2025/26,SoU40,1,HD03300,2025/26:300,Skyldighet att betala för tandvård - nya regler för vissa utlänningar,https://data.riksdagen.se/dokument/HD03300,https://data.riksdagen.se/dokument/HD01SoU40,explicit_citation,document_level_only
HD01SoU6:1,2025/26,SoU6,1,HC03167,2024/25:167,Hälso- och sjukvårdens beredskap,https://data.riksdagen.se/dokument/HC03167,https://data.riksdagen.se/dokument/HD01SoU6,explicit_citation,document_level_only
HD01SoU8:1,2025/26,SoU8,1,HD0315,2025/26:15,Skarpare verktyg till Inspektionen för vård och omsorg,https://data.riksdagen.se/dokument/HD0315,https://data.riksdagen.se/dokument/HD01SoU8,explicit_citation,document_level_only
HD01TU13:17,2025/26,TU13,17,HD0356,2025/26:56,Riksrevisionens rapport om statens arbete med att förbättra förutsättningarna för cykeltrafiken,https://data.riksdagen.se/dokument/HD0356,https://data.riksdagen.se/dokument/HD01TU13,explicit_citation,document_level_only
HD01TU16:1,2025/26,TU16,1,HD03127,2025/26:127,Slopat krav på introduktionsutbildning för övningskörning,https://data.riksdagen.se/dokument/HD03127,https://data.riksdagen.se/dokument/HD01TU16,explicit_citation,document_level_only
HD01TU19:1,2025/26,TU19,1,HD03234,2025/26:234,En ny lag om kommunal hamnverksamhet,https://data.riksdagen.se/dokument/HD03234,https://data.riksdagen.se/dokument/HD01TU19,explicit_citation,document_level_only
HD01TU20:27,2025/26,TU20,27,HD03259,2025/26:259,Nationell planering för transportinfrastrukturen 2026-2037,https://data.riksdagen.se/dokument/HD03259,https://data.riksdagen.se/dokument/HD01TU20,explicit_citation,document_level_only
HD01TU4:1,2025/26,TU4,1,HC03171,2024/25:171,Effektiva sanktioner inom luftfarten,https://data.riksdagen.se/dokument/HC03171,https://data.riksdagen.se/dokument/HD01TU4,explicit_citation,document_level_only
HD01TU8:4,2025/26,TU8,4,HD0333,2025/26:33,Riksrevisionens rapport om statliga strategiska digitaliseringsprojekt,https://data.riksdagen.se/dokument/HD0333,https://data.riksdagen.se/dokument/HD01TU8,explicit_citation,document_level_only
HD01UFöU1:2,2025/26,UFöU1,2,HD036,2025/26:6,En tydlig beslutsordning för deltagande i Natos samlade verksamhet för avskräckning och försvar,https://data.riksdagen.se/dokument/HD036,https://data.riksdagen.se/dokument/HD01UF%C3%B6U1,explicit_citation,document_level_only
HD01UFöU2:1,2025/26,UFöU2,1,HD0325,2025/26:25,Svenskt bidrag till Natos avskräckning och försvar under 2026,https://data.riksdagen.se/dokument/HD0325,https://data.riksdagen.se/dokument/HD01UF%C3%B6U2,explicit_citation,document_level_only
HD01UFöU3:1,2025/26,UFöU3,1,HD03220,2025/26:220,Svenskt bidrag till Natos framskjutna närvaro i Finland,https://data.riksdagen.se/dokument/HD03220,https://data.riksdagen.se/dokument/HD01UF%C3%B6U3,explicit_citation,document_level_only
HD01UU10:6,2025/26,UU10,6,HD03115,2025/26:115,Verksamheten i Europeiska unionen under 2025,https://data.riksdagen.se/dokument/HD03115,https://data.riksdagen.se/dokument/HD01UU10,explicit_citation,document_level_only
HD01UU17:2,2025/26,UU17,2,HD03226,2025/26:226,Riksrevisionens rapport om Sidas arbete med det humanitära biståndet,https://data.riksdagen.se/dokument/HD03226,https://data.riksdagen.se/dokument/HD01UU17,explicit_citation,document_level_only
HD01UU18:1,2025/26,UU18,1,HD03228,2025/26:228,Ett modernt och anpassat regelverk för krigsmateriel,https://data.riksdagen.se/dokument/HD03228,https://data.riksdagen.se/dokument/HD01UU18,explicit_citation,document_level_only
HD01UU18:2,2025/26,UU18,2,HD03228,2025/26:228,Ett modernt och anpassat regelverk för krigsmateriel,https://data.riksdagen.se/dokument/HD03228,https://data.riksdagen.se/dokument/HD01UU18,explicit_citation,document_level_only
HD01UU19:3,2025/26,UU19,3,HD03151,2025/26:151,Verksamheten inom Nato under helåret 2025,https://data.riksdagen.se/dokument/HD03151,https://data.riksdagen.se/dokument/HD01UU19,explicit_citation,document_level_only
HD01UU22:1,2025/26,UU22,1,HD03249,2025/26:249,"Avtal om fördjupat partnerskap och samarbete mellan Europeiska unionen och dess medlemsstater, å ena sidan, och Republiken Uzbekistan, å andra sidan",https://data.riksdagen.se/dokument/HD03249,https://data.riksdagen.se/dokument/HD01UU22,explicit_citation,document_level_only
HD01UU23:1,2025/26,UU23,1,HD03248,2025/26:248,"Avtal om fördjupat partnerskap och samarbete mellan Europeiska unionen och dess medlemsstater, å ena sidan, och Republiken Kirgizistan, å andra sidan",https://data.riksdagen.se/dokument/HD03248,https://data.riksdagen.se/dokument/HD01UU23,explicit_citation,document_level_only
HD01UU24:1,2025/26,UU24,1,HD03290,2025/26:290,Sveriges utrikes underrättelsetjänst,https://data.riksdagen.se/dokument/HD03290,https://data.riksdagen.se/dokument/HD01UU24,explicit_citation,document_level_only
HD01UU3:6,2025/26,UU3,6,HD0397,2025/26:97,Fördjupad resultatredovisning av internationellt bistånd - Ukraina,https://data.riksdagen.se/dokument/HD0397,https://data.riksdagen.se/dokument/HD01UU3,explicit_citation,document_level_only
HD01UU4:4,2025/26,UU4,4,HD0390,2025/26:90,Nordiskt samarbete 2025,https://data.riksdagen.se/dokument/HD0390,https://data.riksdagen.se/dokument/HD01UU4,explicit_citation,document_level_only
HD01UU9:4,2025/26,UU9,4,HD03114,2025/26:114,Strategisk exportkontroll 2025 - krigsmateriel och produkter med dubbla användningsområden,https://data.riksdagen.se/dokument/HD03114,https://data.riksdagen.se/dokument/HD01UU9,explicit_citation,document_level_only
HD01UbU16:5,2025/26,UbU16,5,HD0347,2025/26:47,Riksrevisionens rapport om systemet för lärarlegitimation,https://data.riksdagen.se/dokument/HD0347,https://data.riksdagen.se/dokument/HD01UbU16,explicit_citation,document_level_only
HD01UbU19:2,2025/26,UbU19,2,HD03166,2025/26:166,Riksrevisionens rapport om utbildning på vetenskaplig grund,https://data.riksdagen.se/dokument/HD03166,https://data.riksdagen.se/dokument/HD01UbU19,explicit_citation,document_level_only
HD01UbU20:1,2025/26,UbU20,1,HD03191,2025/26:191,Offentlighetsprincipen med lättnadsregler för enskilda mindre huvudmän i skolväsendet,https://data.riksdagen.se/dokument/HD03191,https://data.riksdagen.se/dokument/HD01UbU20,explicit_citation,document_level_only
HD01UbU21:1,2025/26,UbU21,1,HD03192,2025/26:192,Överlämnande av uppgifter mellan skolor i brottsförebyggande syfte,https://data.riksdagen.se/dokument/HD03192,https://data.riksdagen.se/dokument/HD01UbU21,explicit_citation,document_level_only
HD01UbU22:1,2025/26,UbU22,1,HD03193,2025/26:193,Bättre förutsättningar för trygghet och studiero i skolan,https://data.riksdagen.se/dokument/HD03193,https://data.riksdagen.se/dokument/HD01UbU22,explicit_citation,document_level_only
HD01UbU23:1,2025/26,UbU23,1,HD03194,2025/26:194,Nya läroplaner - för en stark kunskapsskola,https://data.riksdagen.se/dokument/HD03194,https://data.riksdagen.se/dokument/HD01UbU23,explicit_citation,document_level_only
HD01UbU24:1,2025/26,UbU24,1,HD03195,2025/26:195,Förbättrat stöd i skolan,https://data.riksdagen.se/dokument/HD03195,https://data.riksdagen.se/dokument/HD01UbU24,explicit_citation,document_level_only
HD01UbU25:1,2025/26,UbU25,1,HD03196,2025/26:196,Tid för undervisningsuppdraget,https://data.riksdagen.se/dokument/HD03196,https://data.riksdagen.se/dokument/HD01UbU25,explicit_citation,document_level_only
HD01UbU26:1,2025/26,UbU26,1,HD03194,2025/26:194,Nya läroplaner - för en stark kunskapsskola,https://data.riksdagen.se/dokument/HD03194,https://data.riksdagen.se/dokument/HD01UbU26,explicit_citation,document_level_only
HD01UbU26:1,2025/26,UbU26,1,HD03195,2025/26:195,Förbättrat stöd i skolan,https://data.riksdagen.se/dokument/HD03195,https://data.riksdagen.se/dokument/HD01UbU26,explicit_citation,document_level_only
HD01UbU26:1,2025/26,UbU26,1,HD03196,2025/26:196,Tid för undervisningsuppdraget,https://data.riksdagen.se/dokument/HD03196,https://data.riksdagen.se/dokument/HD01UbU26,explicit_citation,document_level_only
HD01UbU26:1,2025/26,UbU26,1,HD03197,2025/26:197,Ett likvärdigt betygssystem,https://data.riksdagen.se/dokument/HD03197,https://data.riksdagen.se/dokument/HD01UbU26,explicit_citation,document_level_only
HD01UbU26:1,2025/26,UbU26,1,HD03198,2025/26:198,Bättre förutsättningar för yrkesutbildning,https://data.riksdagen.se/dokument/HD03198,https://data.riksdagen.se/dokument/HD01UbU26,explicit_citation,document_level_only
HD01UbU27:1,2025/26,UbU27,1,HD03198,2025/26:198,Bättre förutsättningar för yrkesutbildning,https://data.riksdagen.se/dokument/HD03198,https://data.riksdagen.se/dokument/HD01UbU27,explicit_citation,document_level_only
HD01UbU29:1,2025/26,UbU29,1,HD03174,2025/26:174,Utökade registerkontroller i skolväsendet,https://data.riksdagen.se/dokument/HD03174,https://data.riksdagen.se/dokument/HD01UbU29,explicit_citation,document_level_only
HD01UbU2:2,2025/26,UbU2,2,HD031,2025/26:1,Budgetpropositionen för 2026,https://data.riksdagen.se/dokument/HD031,https://data.riksdagen.se/dokument/HD01UbU2,explicit_citation,document_level_only
HD01UbU30:1,2025/26,UbU30,1,HD03292,2025/26:292,Skärpta villkor för friskolesektorn,https://data.riksdagen.se/dokument/HD03292,https://data.riksdagen.se/dokument/HD01UbU30,explicit_citation,document_level_only
HD01UbU31:1,2025/26,UbU31,1,HD03260,2025/26:260,En mer ändamålsenlig reglering av etikprövning av forskning som avser människor,https://data.riksdagen.se/dokument/HD03260,https://data.riksdagen.se/dokument/HD01UbU31,explicit_citation,document_level_only
HD01UbU4:1,2025/26,UbU4,1,HD0310,2025/26:10,Skärpta krav i kommunal vuxenutbildning i svenska för invandrare (sfi),https://data.riksdagen.se/dokument/HD0310,https://data.riksdagen.se/dokument/HD01UbU4,explicit_citation,document_level_only
HD01UbU6:4,2025/26,UbU6,4,HD0367,2025/26:67,"Riksrevisionens rapport om likvärdighet i förskolan - statens stöd, uppföljning och tillsyn",https://data.riksdagen.se/dokument/HD0367,https://data.riksdagen.se/dokument/HD01UbU6,explicit_citation,document_level_only
