milestone_id,date,kind,title_en,title_sv,description_en,description_sv,source_article,source_quote,affected_articles,affected_actors
entry-into-force,2024-08-01,entry_into_force,The AI Act enters into force,AI-förordningen träder i kraft,Twenty days after publication in the Official Journal on 12 July 2024. Nothing applies yet.,Tjugo dagar efter publiceringen i EUT den 12 juli 2024. Inget gäller ännu.,113,This Regulation shall enter into force on the twentieth day following that of its publication in the Official Journal of the European Union.,113,
prohibitions-and-literacy,2025-02-02,application,Prohibitions and AI literacy apply,Förbud och AI-kunnighet börjar gälla,"Chapters I and II: general provisions, AI literacy (Article 4) and the prohibited practices (Article 5).","Kapitel I och II: allmänna bestämmelser, AI-kunnighet (artikel 4) och de förbjudna metoderna (artikel 5).",113,Chapters I and II shall apply from 2 February 2025,1;2;3;4;4a;5,provider;deployer
gpai-governance-penalties,2025-08-02,application,"General-purpose AI, governance and penalties apply","Regler för AI för allmänna ändamål, styrning och sanktioner börjar gälla","Obligations for providers of general-purpose AI models, notified bodies, the governance structure and penalties (except fines on GPAI providers).","Skyldigheter för leverantörer av AI-modeller för allmänna ändamål, anmälda organ, styrningen och sanktionerna (utom böter för GPAI-leverantörer).",113,"Chapter III Section 4, Chapter V, Chapter VII and Chapter XII and Article 78 shall apply from 2 August 2025",51;52;53;54;55;56;78;99;100,gpai_provider;notified_body
high-risk-guidelines-due,2026-02-02,deadline,Deadline: Commission guidelines on high-risk classification,Sista dag: kommissionens riktlinjer om högriskklassning,The Commission is to provide guidelines on Article 6 with practical examples of high-risk and non-high-risk use cases.,Kommissionen ska ta fram riktlinjer om artikel 6 med praktiska exempel på användning som är och inte är högrisk.,6,"no later than 2 February 2026, provide guidelines specifying the practical implementation of this Article",6,ai_office
sectoral-amendments,2026-07-27,application,Amendments to sectoral product law apply,Ändringarna i sektoriell produktlagstiftning börjar gälla,"Articles 102 to 110, which amend aviation, vehicle, marine, rail and consumer legislation.","Artiklarna 102–110, som ändrar lagstiftning om luftfart, fordon, marin utrustning, järnväg och konsumentskydd.",113,Articles 102 to 110 shall apply from 27 July 2026.,102;103;104;105;106;107;108;109;110,
general-application,2026-08-02,application,General date of application,Allmänt tillämpningsdatum,"The rest of the Regulation applies, including the transparency obligations of Article 50 and post-market monitoring, except the parts with later dates.","Resten av förordningen börjar gälla, bland annat transparenskraven i artikel 50, utom de delar som har senare datum.",113,It shall apply from 2 August 2026.,50;72;73;99;101,provider;deployer
new-prohibitions-and-marking,2026-12-02,application,New prohibitions; marking deadline for existing generators,Nya förbud; märkningsfrist för befintliga generatorer,"The prohibitions added in 2026 (Article 5(1), points (ba) and (bb)) apply, and generators placed on the market before 2 August 2026 must comply with Article 50(2).","Förbuden som lades till 2026 (artikel 5.1 leden ba och bb) börjar gälla, och generatorer som släppts ut före den 2 augusti 2026 ska uppfylla artikel 50.2.",113,"points (ba) and (bb), and Article 5(1a) and (1b) which shall apply from 2 December 2026",5;50;111,provider;deployer
legacy-gpai-deadline,2027-08-02,deadline,Deadline for general-purpose AI models already on the market,Sista dag för AI-modeller för allmänna ändamål som redan fanns på marknaden,Providers of models placed on the market before 2 August 2025 must comply.,Leverantörer av modeller som släpptes ut före den 2 augusti 2025 ska uppfylla kraven.,111,Providers of general-purpose AI models that have been placed on the market before 2 August 2025 shall take the necessary steps in order to comply with the obligations laid down in this Regulation by 2 August 2027.,53;54;55;111,gpai_provider
high-risk-annex-iii,2027-12-02,application,High-risk rules apply: Annex III systems,Högriskreglerna börjar gälla: system i bilaga III,"Chapter III, Sections 1 to 3, for systems that are high-risk under Article 6(2) and Annex III (employment, education, essential services and more).","Kapitel III avsnitt 1–3 för system som är högrisk enligt artikel 6.2 och bilaga III (anställning, utbildning, viktiga tjänster med mera).",113,2 December 2027 as regards AI systems classified as high-risk pursuant to Article 6(2) and Annex III,6;9;10;11;12;13;14;15;16;17;18;19;20;21;22;23;24;25;26;27,provider;deployer;importer;distributor;authorised_representative
high-risk-annex-i,2028-08-02,application,High-risk rules apply: Annex I products,Högriskreglerna börjar gälla: produkter i bilaga I,"Chapter III, Sections 1 to 3, for AI systems that are safety components of products under the legislation in Annex I.",Kapitel III avsnitt 1–3 för AI-system som är säkerhetskomponenter i produkter enligt lagstiftningen i bilaga I.,113,2 August 2028 as regards AI systems classified as high-risk pursuant to Article 6(1) and Annex I,6;9;10;11;12;13;14;15;16;17;18;19;20;21;22;23;24;25;26;27,provider;deployer;importer;distributor;authorised_representative
public-authority-deadline,2030-08-02,deadline,Deadline for high-risk systems used by public authorities,Sista dag för högrisksystem som används av myndigheter,"Providers and deployers of high-risk systems intended for public authorities, placed on the market before the high-risk rules applied, must comply.","Leverantörer och användare av högrisksystem avsedda för myndigheter, som släppts ut innan högriskreglerna började gälla, ska uppfylla kraven.",111,the providers and deployers of high-risk AI systems intended to be used by public authorities shall take the necessary steps to comply with the requirements and obligations laid down in this Regulation by 2 August 2030.,111,provider;deployer
large-scale-it-deadline,2030-12-31,deadline,Deadline for AI in large-scale EU IT systems,Sista dag för AI i EU:s storskaliga IT-system,"AI systems that are components of the large-scale IT systems in Annex X, placed on the market before 2 August 2027, must comply.",AI-system som är komponenter i de storskaliga IT-systemen i bilaga X och släpptes ut före den 2 augusti 2027 ska uppfylla kraven.,111,shall be brought into compliance with this Regulation by 31 December 2030.,111,
