rule_id,scope,chapter,section,article_from,article_to,applies_from,applies_from_second,partial,priority,source_article,source_quote,note_en,note_sv
default,all,,,,,2026-08-02,,false,0,113,It shall apply from 2 August 2026.,The general date of application.,Det allmänna tillämpningsdatumet.
a_chapters_i_ii,chapter,I,,,,2025-02-02,,false,2,113,Chapters I and II shall apply from 2 February 2025,"General provisions, AI literacy and the prohibited practices.","Allmänna bestämmelser, AI-kunnighet och de förbjudna metoderna."
a_chapter_ii,chapter,II,,,,2025-02-02,,false,2,113,Chapters I and II shall apply from 2 February 2025,"Article 5(1), points (ba) and (bb), and Article 5(1a) and (1b) apply from 2 December 2026.","Artikel 5.1 leden ba och bb samt artikel 5.1a och 5.1b gäller från den 2 december 2026."
a_article_5_parts,article,,,5,5,2025-02-02,2026-12-02,true,4,113,"with the exception of Article 5(1), first subparagraph, points (ba) and (bb), and Article 5(1a) and (1b) which shall apply from 2 December 2026","Most of Article 5 from 2 February 2025; the prohibitions added by Regulation (EU) 2026/1744 from 2 December 2026.","Det mesta av artikel 5 från den 2 februari 2025; förbuden som lades till genom förordning (EU) 2026/1744 från den 2 december 2026."
b_section_iii_4,section,III,4,,,2025-08-02,,false,3,113,"Chapter III Section 4, Chapter V, Chapter VII and Chapter XII and Article 78 shall apply from 2 August 2025","Notifying authorities and notified bodies.","Anmälande myndigheter och anmälda organ."
b_chapter_v,chapter,V,,,,2025-08-02,,false,2,113,"Chapter III Section 4, Chapter V, Chapter VII and Chapter XII and Article 78 shall apply from 2 August 2025",General-purpose AI models.,AI-modeller för allmänna ändamål.
b_chapter_vii,chapter,VII,,,,2025-08-02,,false,2,113,"Chapter III Section 4, Chapter V, Chapter VII and Chapter XII and Article 78 shall apply from 2 August 2025",Governance.,Styrning.
b_chapter_xii,chapter,XII,,,,2025-08-02,,false,2,113,"Chapter III Section 4, Chapter V, Chapter VII and Chapter XII and Article 78 shall apply from 2 August 2025",Penalties.,Sanktioner.
b_article_78,article,,,78,78,2025-08-02,,false,4,113,"Chapter III Section 4, Chapter V, Chapter VII and Chapter XII and Article 78 shall apply from 2 August 2025",Confidentiality.,Konfidentialitet.
b_article_101,article,,,101,101,2026-08-02,,false,4,113,with the exception of Article 101,Fines for providers of general-purpose AI models: excepted from the 2025 date.,Böter för leverantörer av AI-modeller för allmänna ändamål: undantagna från 2025-datumet.
c_section_iii_1,section,III,1,,,2027-12-02,2028-08-02,false,3,113,2 December 2027 as regards AI systems classified as high-risk pursuant to Article 6(2) and Annex III,"Annex III systems from 2 December 2027; Annex I systems from 2 August 2028. Article 6(5) is excepted.","System i bilaga III från den 2 december 2027; system i bilaga I från den 2 augusti 2028. Artikel 6.5 är undantagen."
c_section_iii_2,section,III,2,,,2027-12-02,2028-08-02,false,3,113,2 August 2028 as regards AI systems classified as high-risk pursuant to Article 6(1) and Annex I,"Annex III systems from 2 December 2027; Annex I systems from 2 August 2028.","System i bilaga III från den 2 december 2027; system i bilaga I från den 2 augusti 2028."
c_section_iii_3,section,III,3,,,2027-12-02,2028-08-02,false,3,113,"Chapter III, Sections 1, 2, and 3, with the exception of Article 6(5), shall apply from:","Annex III systems from 2 December 2027; Annex I systems from 2 August 2028.","System i bilaga III från den 2 december 2027; system i bilaga I från den 2 augusti 2028."
d_articles_102_110,article,,,102,110,2026-07-27,,false,4,113,Articles 102 to 110 shall apply from 27 July 2026.,Amendments to sectoral product legislation.,Ändringar i sektoriell produktlagstiftning.
