obligation_id,actor_id,article,paragraph,risk_class_id,requirement_type,source_quote,summary_en,summary_sv
lit-provider,provider,4,1,all_ai_systems,ai_literacy,Providers and deployers of AI systems shall take measures to support the development of AI literacy of their staff,Take measures to support the AI literacy of staff who operate or use AI systems on your behalf. No specific level must be guaranteed.,Vidta åtgärder som stödjer AI-kunnigheten hos personal som driver eller använder AI-system för er räkning. Ingen viss nivå behöver garanteras.
lit-deployer,deployer,4,1,all_ai_systems,ai_literacy,Providers and deployers of AI systems shall take measures to support the development of AI literacy of their staff,Take measures to support the AI literacy of staff who operate or use AI systems on your behalf. No specific level must be guaranteed.,Vidta åtgärder som stödjer AI-kunnigheten hos personal som driver eller använder AI-system för er räkning. Ingen viss nivå behöver garanteras.
prohibited-provider,provider,5,1,prohibited,prohibition,The following AI practices shall be prohibited:,Do not place on the market or put into service AI systems for the practices listed in Article 5.,Släpp inte ut eller ta i bruk AI-system för de metoder som räknas upp i artikel 5.
prohibited-deployer,deployer,5,1,prohibited,prohibition,The following AI practices shall be prohibited:,Do not use AI systems for the practices listed in Article 5.,Använd inte AI-system för de metoder som räknas upp i artikel 5.
not-high-risk-assessment,provider,6,4,high_risk,documentation,A provider who considers that an AI system referred to in Annex III is not high-risk shall document its assessment before that system is placed on the market or put into service.,"If you conclude that an Annex III system is not high-risk under Article 6(3), document that assessment before the system is placed on the market.",Om ni bedömer att ett system i bilaga III inte är högrisk enligt artikel 6.3 ska bedömningen dokumenteras innan systemet släpps ut.
risk-management,provider,9,1,high_risk,risk_management,"A risk management system shall be established, implemented, documented and maintained in relation to high-risk AI systems.",Run a documented risk management process across the whole lifecycle of the system.,Ha en dokumenterad riskhanteringsprocess under systemets hela livscykel.
data-governance,provider,10,1,high_risk,data_governance,"High-risk AI systems which make use of techniques involving the training of AI models with data shall be developed on the basis of training, validation and testing data sets that meet the quality criteria","Train, validate and test on data sets that meet the quality and governance criteria of Article 10.","Träna, validera och testa på datamängder som uppfyller kvalitets- och styrningskraven i artikel 10."
technical-documentation,provider,11,1,high_risk,documentation,The technical documentation of a high-risk AI system shall be drawn up before that system is placed on the market or put into service and shall be kept up-to date.,"Draw up technical documentation (Annex IV) before placing the system on the market, and keep it up to date.","Upprätta teknisk dokumentation (bilaga IV) innan systemet släpps ut, och håll den aktuell."
logging-capability,provider,12,1,high_risk,record_keeping,High-risk AI systems shall technically allow for the automatic recording of events (logs) over the lifetime of the system.,Build in automatic event logging over the lifetime of the system.,Bygg in automatisk händelseloggning under systemets livstid.
instructions-for-deployers,provider,13,1,high_risk,transparency,High-risk AI systems shall be designed and developed in such a way as to ensure that their operation is sufficiently transparent to enable deployers to interpret a system’s output and use it appropriately.,"Make the system transparent enough for deployers to interpret its output, and provide clear instructions for use.","Gör systemet så transparent att användarna kan tolka resultaten, och ge tydliga bruksanvisningar."
human-oversight-design,provider,14,1,high_risk,human_oversight,"High-risk AI systems shall be designed and developed in such a way, including with appropriate human-machine interface tools, that they can be effectively overseen by natural persons during the period in which they are in use.",Design the system so that people can effectively oversee it while it is in use.,Utforma systemet så att människor effektivt kan övervaka det medan det används.
accuracy-robustness,provider,15,1,high_risk,accuracy_robustness,"High-risk AI systems shall be designed and developed in such a way that they achieve an appropriate level of accuracy, robustness, and cybersecurity","Achieve an appropriate level of accuracy, robustness and cybersecurity throughout the lifecycle.","Uppnå lämplig noggrannhet, robusthet och cybersäkerhet under hela livscykeln."
quality-management,provider,17,1,high_risk,quality_management,Providers of high-risk AI systems shall put a quality management system in place that ensures compliance with this Regulation.,Put a documented quality management system in place.,Inför ett dokumenterat kvalitetsledningssystem.
documentation-keeping,provider,18,1,high_risk,documentation,"The provider shall, for a period ending 10 years after the high-risk AI system has been placed on the market or put into service, keep at the disposal of the national competent authorities:",Keep the documentation available to authorities for 10 years after placing on the market.,Håll dokumentationen tillgänglig för myndigheterna i 10 år efter utsläppandet.
provider-logs,provider,19,1,high_risk,record_keeping,"Providers of high-risk AI systems shall keep the logs referred to in Article 12(1), automatically generated by their high-risk AI systems, to the extent such logs are under their control.",Keep the automatically generated logs under your control for at least six months.,Spara de automatiskt genererade loggar ni kontrollerar i minst sex månader.
corrective-actions,provider,20,1,high_risk,corrective_action,"shall immediately take the necessary corrective actions to bring that system into conformity, to withdraw it, to disable it, or to recall it, as appropriate.","Correct, withdraw, disable or recall a non-conforming system immediately, and inform the value chain.","Rätta, dra tillbaka, stäng av eller återkalla ett system som inte uppfyller kraven omedelbart, och informera kedjan."
cooperate-authorities,provider,21,1,high_risk,cooperation,"Providers of high-risk AI systems shall, upon a reasoned request by a competent authority, provide that authority all the information and documentation necessary","Give a competent authority the information it needs to assess conformity, on reasoned request.","Lämna behörig myndighet den information som behövs för att bedöma överensstämmelse, på motiverad begäran."
authorised-representative-hr,provider,22,1,high_risk,representation,"Prior to making their high-risk AI systems available on the Union market, providers established in third countries shall, by written mandate, appoint an authorised representative which is established in the Union.",Providers outside the EU appoint an authorised representative in the EU by written mandate.,Leverantörer utanför EU utser ett ombud i EU genom skriftlig fullmakt.
conformity-assessment,provider,16,,high_risk,conformity,"ensure that the high-risk AI system undergoes the relevant conformity assessment procedure as referred to in Article 43, prior to its being placed on the market or put into service",Have the system go through the conformity assessment of Article 43 before placing it on the market.,Låt systemet genomgå bedömningen av överensstämmelse enligt artikel 43 innan det släpps ut.
declaration-of-conformity,provider,47,1,high_risk,conformity,"The provider shall draw up a written machine readable, physical or electronically signed EU declaration of conformity for each high-risk AI system",Draw up an EU declaration of conformity for each high-risk system and keep it for 10 years.,Upprätta en EU-försäkran om överensstämmelse för varje högrisksystem och spara den i 10 år.
ce-marking,provider,16,,high_risk,conformity,affix the CE marking to the high-risk AI system,Affix the CE marking (digital for digitally provided systems).,Anbringa CE-märkningen (digital för system som tillhandahålls digitalt).
registration-provider,provider,49,1,high_risk,registration,"the provider or, where applicable, the authorised representative shall register themselves and their system in the EU database",Register yourself and Annex III systems in the EU database before placing them on the market (point 2 systems at national level).,Registrera er och system i bilaga III i EU-databasen innan de släpps ut (system enligt punkt 2 nationellt).
registration-not-high-risk,provider,49,2,high_risk,registration,"Before placing on the market or putting into service an AI system for which the provider has concluded that it is not high-risk according to Article 6(3), that provider or, where applicable, the authorised representative shall register themselves and that system in the EU database referred to in Article 71.",Annex III systems you have assessed as not high-risk are still registered in the EU database.,System i bilaga III som ni bedömt inte vara högrisk registreras ändå i EU-databasen.
post-market-monitoring,provider,72,1,high_risk,monitoring,Providers shall establish and document a post-market monitoring system in a manner that is proportionate to the nature of the AI technologies and the risks of the high-risk AI system.,"Monitor the system after placing it on the market, under a documented plan.",Övervaka systemet efter utsläppandet enligt en dokumenterad plan.
serious-incidents,provider,73,1,high_risk,incident_reporting,Providers of high-risk AI systems placed on the Union market shall report any serious incident to the market surveillance authorities of the Member States where that incident occurred.,"Report serious incidents to the market surveillance authority, at the latest within 15 days of becoming aware.","Rapportera allvarliga incidenter till marknadskontrollmyndigheten, senast inom 15 dagar efter att ni fått kännedom."
importer-verification,importer,23,1,high_risk,verification,"Before placing a high-risk AI system on the market, importers shall ensure that the system is in conformity with this Regulation by verifying that:","Before placing a system on the market, verify conformity assessment, documentation, CE marking and authorised representative.","Kontrollera bedömning av överensstämmelse, dokumentation, CE-märkning och ombud innan systemet släpps ut."
distributor-verification,distributor,24,1,high_risk,verification,"Before making a high-risk AI system available on the market, distributors shall verify that it bears the required CE marking","Before making a system available, check CE marking, declaration of conformity and instructions for use.","Kontrollera CE-märkning, försäkran om överensstämmelse och bruksanvisning innan systemet tillhandahålls."
value-chain-deployer,deployer,25,1,high_risk,value_chain,"Any distributor, importer, deployer or other third-party shall be considered to be a provider of a high-risk AI system for the purposes of this Regulation and shall be subject to the obligations of the provider under Article 16","Rebranding, substantially modifying or repurposing a system into high-risk can make you its provider.","Den som sätter sitt namn på, väsentligt ändrar eller ändrar syftet med ett system så att det blir högrisk kan bli dess leverantör."
value-chain-distributor,distributor,25,1,high_risk,value_chain,"Any distributor, importer, deployer or other third-party shall be considered to be a provider of a high-risk AI system for the purposes of this Regulation and shall be subject to the obligations of the provider under Article 16","Rebranding, substantially modifying or repurposing a system into high-risk can make you its provider.","Den som sätter sitt namn på, väsentligt ändrar eller ändrar syftet med ett system så att det blir högrisk kan bli dess leverantör."
value-chain-importer,importer,25,1,high_risk,value_chain,"Any distributor, importer, deployer or other third-party shall be considered to be a provider of a high-risk AI system for the purposes of this Regulation and shall be subject to the obligations of the provider under Article 16","Rebranding, substantially modifying or repurposing a system into high-risk can make you its provider.","Den som sätter sitt namn på, väsentligt ändrar eller ändrar syftet med ett system så att det blir högrisk kan bli dess leverantör."
deployer-use-instructions,deployer,26,1,high_risk,use_instructions,Deployers of high-risk AI systems shall take appropriate technical and organisational measures to ensure they use such systems in accordance with the instructions for use accompanying the systems,Use the system according to its instructions for use.,Använd systemet enligt bruksanvisningen.
deployer-human-oversight,deployer,26,2,high_risk,human_oversight,"Deployers shall assign human oversight to natural persons who have the necessary competence, training and authority, as well as the necessary support.","Assign human oversight to competent, trained people with the authority to act.",Låt kompetenta och utbildade personer med befogenhet att agera övervaka systemet.
deployer-monitoring,deployer,26,5,high_risk,monitoring,Deployers shall monitor the operation of the high-risk AI system on the basis of the instructions for use,"Monitor the system in operation; on a risk or serious incident, inform the provider and the authority, and suspend use where required.","Övervaka systemet i drift; vid risk eller allvarlig incident, informera leverantören och myndigheten och avbryt användningen när det krävs."
deployer-logs,deployer,26,6,high_risk,record_keeping,Deployers of high-risk AI systems shall keep the logs automatically generated by that high-risk AI system to the extent such logs are under their control,Keep the logs under your control for at least six months.,Spara de loggar ni kontrollerar i minst sex månader.
deployer-inform-workers,deployer,26,7,high_risk,information,"Before putting into service or using a high-risk AI system at the workplace, deployers who are employers shall inform workers’ representatives and the affected workers",Employers inform workers and their representatives before using a high-risk system at the workplace.,Arbetsgivare informerar arbetstagare och deras företrädare innan ett högrisksystem används på arbetsplatsen.
fundamental-rights-assessment,deployer,27,1,high_risk,impact_assessment,shall perform an assessment of the impact on fundamental rights,"Public bodies, private providers of public services, and deployers of credit-scoring and insurance-pricing systems assess the impact on fundamental rights before first use.","Offentliga organ, privata aktörer som tillhandahåller offentliga tjänster och användare av system för kreditprövning och försäkringsprissättning bedömer påverkan på grundläggande rättigheter före första användningen."
registration-public-deployer,deployer,49,3,high_risk,registration,"deployers that are public authorities, Union institutions, bodies, offices or agencies or persons acting on their behalf shall register themselves",Public-authority deployers register their use of Annex III systems in the EU database.,Myndigheter som använder system i bilaga III registrerar användningen i EU-databasen.
chatbot-disclosure,provider,50,1,transparency,transparency,Providers shall ensure that AI systems intended to interact directly with natural persons are designed and developed in such a way that the natural persons concerned are informed that they are interacting with an AI system,"Tell people they are interacting with an AI system, unless it is obvious.","Informera människor om att de interagerar med ett AI-system, om det inte är uppenbart."
synthetic-content-marking,provider,50,2,transparency,transparency,shall ensure that the outputs of the AI system are marked in a machine-readable format and detectable as artificially generated or manipulated.,"Mark generated audio, image, video and text in a machine-readable way so it can be detected as AI-generated.","Märk genererat ljud, bild, video och text maskinläsbart så att det kan upptäckas som AI-genererat."
emotion-biometric-disclosure,deployer,50,3,transparency,transparency,Deployers of an emotion recognition system or a biometric categorisation system shall inform the natural persons exposed thereto of the operation of the system,Inform people exposed to emotion recognition or biometric categorisation.,Informera människor som utsätts för känsloigenkänning eller biometrisk kategorisering.
deep-fake-disclosure,deployer,50,4,transparency,transparency,"Deployers of an AI system that generates or manipulates image, audio or video content constituting a deep fake, shall disclose that the content has been artificially generated or manipulated.",Disclose that deep fakes are AI-generated (limited for evidently artistic or satirical work).,Upplys om att deepfakes är AI-genererade (begränsat för uppenbart konstnärliga eller satiriska verk).
public-interest-text-disclosure,deployer,50,4,transparency,transparency,Deployers of an AI system that generates or manipulates text which is published with the purpose of informing the public on matters of public interest shall disclose that the text has been artificially generated or manipulated.,"Disclose AI-generated text published to inform the public, unless it has had human editorial review.","Upplys om AI-genererad text som publiceras för att informera allmänheten, om den inte granskats redaktionellt."
gpai-technical-documentation,gpai_provider,53,1,gpai,documentation,"draw up and keep up-to-date the technical documentation of the model, including its training and testing process and the results of its evaluation",Keep technical documentation of the model (Annex XI) for the AI Office and authorities.,Håll teknisk dokumentation av modellen (bilaga XI) för AI-byrån och myndigheterna.
gpai-downstream-information,gpai_provider,53,1,gpai,information,"draw up, keep up-to-date and make available information and documentation to providers of AI systems who intend to integrate the general-purpose AI model into their AI systems.",Give downstream providers the information they need to integrate the model (Annex XII).,Ge leverantörer i senare led den information de behöver för att bygga in modellen (bilaga XII).
gpai-copyright-policy,gpai_provider,53,1,gpai,copyright,put in place a policy to comply with Union law on copyright and related rights,"Have a policy to comply with EU copyright law, including text-and-data-mining opt-outs.","Ha en policy för att följa EU:s upphovsrätt, inklusive förbehåll mot text- och datautvinning."
gpai-training-summary,gpai_provider,53,1,gpai,transparency,"draw up and make publicly available a sufficiently detailed summary about the content used for training of the general-purpose AI model, according to a template provided by the AI Office.","Publish a summary of the training content, using the AI Office template.",Publicera en sammanfattning av träningsinnehållet enligt AI-byråns mall.
gpai-authorised-representative,gpai_provider,54,1,gpai,representation,"Prior to placing a general-purpose AI model on the Union market, providers established in third countries shall, by written mandate, appoint an authorised representative which is established in the Union.",Providers outside the EU appoint an authorised representative in the EU.,Leverantörer utanför EU utser ett ombud i EU.
gpai-sr-evaluation,gpai_provider,55,1,gpai_systemic,evaluation,"perform model evaluation in accordance with standardised protocols and tools reflecting the state of the art, including conducting and documenting adversarial testing of the model","Evaluate the model with state-of-the-art protocols, including documented adversarial testing.","Utvärdera modellen med moderna protokoll, inklusive dokumenterad adversariell testning."
gpai-sr-risk-mitigation,gpai_provider,55,1,gpai_systemic,risk_management,assess and mitigate possible systemic risks at Union level,Assess and mitigate systemic risks at Union level.,Bedöm och minska systemrisker på unionsnivå.
gpai-sr-incidents,gpai_provider,55,1,gpai_systemic,incident_reporting,"keep track of, document, and report, without undue delay, to the AI Office and, as appropriate, to national competent authorities, relevant information about serious incidents",Track and report serious incidents to the AI Office without undue delay.,Följ upp och rapportera allvarliga incidenter till AI-byrån utan onödigt dröjsmål.
gpai-sr-cybersecurity,gpai_provider,55,1,gpai_systemic,accuracy_robustness,ensure an adequate level of cybersecurity protection for the general-purpose AI model with systemic risk and the physical infrastructure of the model.,Protect the model and its physical infrastructure with adequate cybersecurity.,Skydda modellen och dess fysiska infrastruktur med tillräcklig cybersäkerhet.
