decision_key,in_force,component,direction,title_sv,title_en,bill,bill_section,report,origin,source_url
jsa-avtrappning-2016,2016-01-01,in_work_credit,higher,Jobbskatteavdraget trappas av för höga inkomster,The in-work tax credit is phased out for high incomes,2015/16:1,6.3,2015/16:FiU1,government,https://data.riksdagen.se/dokument/H3031
pensionarer-2016,2016-01-01,raised_allowance,lower,Sänkt skatt för pensionärer genom ett högre förhöjt grundavdrag,Lower tax for pensioners through a higher basic allowance,2015/16:1,6.4,2015/16:FiU1,government,https://data.riksdagen.se/dokument/H3031
skiktgrans-2016,2016-01-01,state_tax,higher,Ingen uppräkning av den nedre skiktgränsen för statlig inkomstskatt,No indexation of the lower threshold for state income tax,2015/16:1,6.5.3,2015/16:FiU1,government,https://data.riksdagen.se/dokument/H3031
isk-2016,2016-01-01,isk,higher,Höjd beskattning av sparande på investeringssparkonto och i kapitalförsäkring,Higher tax on savings in investment savings accounts and capital insurance,2015/16:1,6.13,2015/16:FiU1,government,https://data.riksdagen.se/dokument/H3031
loneskatt-aldre-2016,2016-01-01,employer,higher,Särskild löneskatt införs för äldre,A special payroll tax for older employees,2015/16:1,6.10,2015/16:FiU1,government,https://data.riksdagen.se/dokument/H3031
ungdomsavgift-2016,2016-06-01,employer,higher,Den nedsatta arbetsgivaravgiften för unga slopas,The reduced employer contribution for young people is abolished,2015/16:1,6.16,2015/16:FiU1,government,https://data.riksdagen.se/dokument/H3031
skiktgrans-2017,2017-01-01,state_tax,higher,Begränsad uppräkning av skiktgränserna för statlig inkomstskatt 2017,Limited indexation of the state income tax thresholds for 2017,2016/17:1,6.2.3,2016/17:FiU1,government,https://data.riksdagen.se/dokument/H4031
skiktgrans-2018,2018-01-01,state_tax,higher,Begränsad uppräkning av skiktgränserna för statlig inkomstskatt 2018,Limited indexation of the state income tax thresholds for 2018,2016/17:1,6.2.5,2016/17:FiU1,government,https://data.riksdagen.se/dokument/H4031
pensionarer-2018,2018-01-01,raised_allowance,lower,Sänkt skatt för pensionärer,Lower tax for pensioners,2017/18:1,6.2,2017/18:FiU1,government,https://data.riksdagen.se/dokument/H5031
sjukersattning-2018,2018-01-01,sickness_reduction,lower,Sänkt skatt för personer med sjukersättning och aktivitetsersättning,Lower tax on sickness and activity compensation,2017/18:1,6.3,2017/18:FiU1,government,https://data.riksdagen.se/dokument/H5031
isk-2018,2018-01-01,isk,higher,Höjd beskattning av sparande på investeringssparkonto och i kapitalförsäkring,Higher tax on savings in investment savings accounts and capital insurance,2017/18:28,,2017/18:SkU6,government,https://data.riksdagen.se/dokument/H50328
jsa-2019,2019-01-01,in_work_credit|raised_allowance,lower,Förstärkt jobbskatteavdrag och sänkt skatt för pensionärer,A larger in-work tax credit and lower tax for pensioners,,,2018/19:FiU1,reservation,https://data.riksdagen.se/dokument/H601FiU1
skiktgrans-2019,2019-01-01,state_tax,lower,Höjd skiktgräns för statlig inkomstskatt,A higher threshold for state income tax,,,2018/19:FiU1,reservation,https://data.riksdagen.se/dokument/H601FiU1
public-service-2019,2019-01-01,public_service,higher,Public service-avgiften ersätter radio- och tv-avgiften,A public service fee on income replaces the TV licence,2017/18:261,,2018/19:KrU2,government,https://data.riksdagen.se/dokument/H503261
loneskatt-aldre-2019,2019-07-01,employer,lower,Den särskilda löneskatten för äldre avskaffas,The special payroll tax for older employees is abolished,2018/19:82,,2018/19:SkU18,government,https://data.riksdagen.se/dokument/H60382
varnskatt-2020,2020-01-01,state_tax,lower,Värnskatten avskaffas,The top state income tax rate (värnskatt) is abolished,2019/20:1,12.1.3,2019/20:FiU1,government,https://data.riksdagen.se/dokument/H7031
pensionarer-2020,2020-01-01,raised_allowance,lower,Det förhöjda grundavdraget förstärks,The higher basic allowance for pensioners is increased,2019/20:1,12.2.3,2019/20:FiU1,government,https://data.riksdagen.se/dokument/H7031
pensionarer-2021,2021-01-01,raised_allowance,lower,Det förhöjda grundavdraget förstärks,The higher basic allowance for pensioners is increased,2020/21:1,13.1.3,2020/21:FiU1,government,https://data.riksdagen.se/dokument/H8031
forvarvsinkomst-2021,2021-01-01,earned_income_reduction,lower,Skattereduktion för förvärvsinkomster,A tax reduction for earned income,2020/21:1,13.6,2020/21:FiU1,government,https://data.riksdagen.se/dokument/H8031
tillfallig-arbetsinkomst-2021,2021-01-01,temporary_work_reduction,lower,Tillfällig skattereduktion för arbetsinkomster 2021 och 2022,A temporary tax reduction for work income in 2021 and 2022,2020/21:1,13.7,2020/21:FiU1,government,https://data.riksdagen.se/dokument/H8031
jsa-2022,2022-01-01,in_work_credit|raised_allowance|sickness_reduction,lower,"Sänkt skatt på arbete, pension och sjuk- och aktivitetsersättning","Lower tax on work, pensions and sickness and activity compensation",,,2021/22:FiU1,committee,https://data.riksdagen.se/dokument/H901FiU1
jsa-aldre-2023,2023-01-01,in_work_credit,lower,Ett förstärkt jobbskatteavdrag för äldre,A larger in-work tax credit for older workers,2022/23:1,12.1.3,2022/23:FiU1,government,https://data.riksdagen.se/dokument/HA031
drivmedel-2023,2023-01-01,fuel,lower,Tillfälligt sänkt skatt på bensin och diesel,A temporarily lower tax on petrol and diesel,2022/23:17,,2022/23:FiU1,government,https://data.riksdagen.se/dokument/HA0317
jsa-2024,2024-01-01,in_work_credit|raised_allowance|senior_age,lower,Sänkt skatt på arbetsinkomster och pension; jobbskatteavdraget för äldre från 66 år,Lower tax on work income and pensions; the in-work credit for older workers from 66,2023/24:13,,2023/24:FiU1,government,https://data.riksdagen.se/dokument/HB0313
skiktgrans-2024,2024-01-01,state_tax,higher,Pausad uppräkning av skiktgränsen för statlig inkomstskatt,The state income tax threshold is not indexed,2023/24:27,,2023/24:SkU8,government,https://data.riksdagen.se/dokument/HB0327
ungdomsavgift-2024,2024-01-01,employer,higher,Slopad nedsättning av arbetsgivaravgifterna för 15–18-åringar,The reduced employer contribution for 15–18-year-olds is abolished,2023/24:1,12.8,2023/24:FiU1,government,https://data.riksdagen.se/dokument/HB031
drivmedel-2024,2024-01-01,fuel,lower,Sänkt skatt på bensin och diesel,Lower tax on petrol and diesel,2023/24:24,,2023/24:SkU7,government,https://data.riksdagen.se/dokument/HB0324
jsa-2025,2025-01-01,in_work_credit|raised_allowance,lower,Förstärkt jobbskatteavdrag och förhöjt grundavdrag,A larger in-work tax credit and higher basic allowance for pensioners,2024/25:1,12.1,2024/25:FiU1,government,https://data.riksdagen.se/dokument/HC031
avtrappning-slopas-2025,2025-01-01,in_work_credit|raised_allowance,lower,Slopad avtrappning i jobbskatteavdraget och det förhöjda grundavdraget,The phase-out of the in-work credit and the higher basic allowance is removed,2024/25:1,12.2,2024/25:FiU1,government,https://data.riksdagen.se/dokument/HC031
isk-2025,2025-01-01,isk,lower,En skattefri grundnivå för sparande på investeringssparkonto (150 000 kr 2025 och 300 000 kr 2026),A tax-free allowance on investment savings accounts (150 000 kr in 2025 and 300 000 kr in 2026),2024/25:1,12.9,2024/25:FiU1,government,https://data.riksdagen.se/dokument/HC031
ranteavdrag-2025,2025-01-01,capital,higher,Avtrappat ränteavdrag för lån utan säkerhet,Smaller interest deduction on unsecured loans,2024/25:1,12.10,2024/25:FiU1,government,https://data.riksdagen.se/dokument/HC031
drivmedel-2025,2025-01-01,fuel,lower,Sänkt skatt på bensin och diesel,Lower tax on petrol and diesel,2024/25:30,,2024/25:FiU1,government,https://data.riksdagen.se/dokument/HC0330
skattesankning-2026,2026-01-01,in_work_credit|raised_allowance|sickness_reduction,lower,"Sänkt skatt på arbetsinkomster, pension och sjuk- och aktivitetsersättning","Lower tax on work income, pensions and sickness and activity compensation",2025/26:1,13.1,2025/26:FiU1,government,https://data.riksdagen.se/dokument/HD031
ungdomsavgift-2026,2026-04-01,employer,lower,Tillfälligt nedsatta arbetsgivaravgifter för 19–23-åringar,Temporarily lower employer contributions for 19–23-year-olds,2025/26:1,13.6,2025/26:FiU1,government,https://data.riksdagen.se/dokument/HD031
matmoms-2026,2026-04-01,vat,lower,Tillfälligt sänkt mervärdesskatt på livsmedel,Temporarily lower VAT on food,2025/26:1,13.19,2025/26:FiU1,government,https://data.riksdagen.se/dokument/HD031
