party,pattern
S,\(S\)
S,\bS(:s|-ledaren|-ledare|-toppen|-topp|-regeringen)\b
S,[Ss]ocialdemokrat
M,\(M\)
M,\bM(:s|-ledaren|-ledare|-toppen|-topp)\b
M,\b[Mm]oderater(na|nas)?\b
M,\b[Mm]oderatledare
SD,\(SD\)
SD,\bSD\b
SD,[Ss]verigedemokrat
V,\(V\)
V,\bV(:s|-ledaren|-ledare|-toppen|-topp)\b
V,[Vv]änsterpartie
V,\bvänsterpartist
C,\(C\)
C,\bC(:s|-ledaren|-ledare|-toppen|-topp)\b
C,[Cc]enterpartie
C,\bcenterpartist
KD,\(KD\)
KD,\bKD\b
KD,[Kk]ristdemokrat
MP,\(MP\)
MP,\bMP\b
MP,[Mm]iljöpartie
MP,\bmiljöpartist
MP,\bspråkrör
L,\(L\)
L,\bL(:s|-ledaren|-ledare|-toppen|-topp)\b
L,\bLiberalerna(s)?\b
L,\bliberalernas?\b
