candidate,recipe,neighbors,dimensions,cluster_min_dist,min_cluster_size,min_samples,selection_method,seed,cluster_count,noise_share,largest_cluster_share,employer_majority_share,weighted_top_employer_share,raw_embedding_silhouette,clean_embedding_silhouette,exact_raw_baseline,feature_silhouette,mean_probability
baseline-n30-d5-c40-ms3-eom,baseline,30,5,0.0,40,3,eom,42,35,0.41139964069900375,0.09113179813816756,0.27192008879023305,0.33684794672586016,0.05910533666610718,0.01529424823820591,True,0.05910533666610718,0.8734911231735989
baseline-n30-d5-c40-ms3-leaf,baseline,30,5,0.0,40,3,leaf,42,38,0.46284501061571126,0.033806957373836356,0.3247187595013682,0.3794466403162055,0.06911070644855499,0.022145245224237442,True,0.06911070644855499,0.871219273352953
baseline-n30-d5-c40-ms5-eom,baseline,30,5,0.0,40,5,eom,42,36,0.43165115139637433,0.03674669279764821,0.2471264367816092,0.3448275862068966,0.0689905434846878,0.019473304972052574,True,0.0689905434846878,0.8466554644241339
baseline-n30-d5-c40-ms5-leaf,baseline,30,5,0.0,40,5,leaf,42,36,0.43165115139637433,0.03674669279764821,0.2471264367816092,0.3448275862068966,0.0689905434846878,0.019473304972052574,True,0.0689905434846878,0.8466554644241339
baseline-n30-d5-c60-ms3-eom,baseline,30,5,0.0,60,3,eom,42,6,0.06385758615057978,0.8641188959660298,0.06594556873691557,0.10013956734124214,-0.08398450911045074,-0.09060410410165787,True,-0.08398450911045074,0.9721449402737732
baseline-n30-d5-c60-ms3-leaf,baseline,30,5,0.0,60,3,leaf,42,27,0.5136371059937939,0.033806957373836356,0.22968435191403627,0.32404298186702485,0.08548057079315186,0.044828642159700394,True,0.08548057079315186,0.9016983739727749
baseline-n30-d5-c60-ms5-eom,baseline,30,5,0.0,60,5,eom,42,6,0.06108116936142414,0.8668953127551854,0.06575056531570708,0.0998434510349626,-0.08439192175865173,-0.09076828509569168,True,-0.08439192175865173,0.9704420708214042
baseline-n30-d5-c60-ms5-leaf,baseline,30,5,0.0,60,5,leaf,42,25,0.47901355544667645,0.0468724481463335,0.19278996865203762,0.30438871473354234,0.07388468831777573,0.03657196834683418,True,0.07388468831777573,0.8742742217047027
baseline-n30-d5-c100-ms3-eom,baseline,30,5,0.0,100,3,eom,42,3,0.09897109260166585,0.8641188959660298,0.04096429218778322,0.0734094616639478,0.05155766382813454,0.06730915606021881,True,0.05155766382813454,0.9652881595665659
baseline-n30-d5-c100-ms3-leaf,baseline,30,5,0.0,100,3,leaf,42,15,0.5631226522946268,0.0847623713865752,0.14093457943925233,0.23401869158878505,0.09240154922008514,0.05370543897151947,True,0.09240154922008514,0.9491677531382825
baseline-n30-d5-c100-ms5-eom,baseline,30,5,0.0,100,5,eom,42,3,0.0961946758125102,0.8668953127551854,0.04083845319840983,0.07318395374051319,0.05162462964653969,0.06740646064281464,True,0.05162462964653969,0.9613395915856143
baseline-n30-d5-c100-ms5-leaf,baseline,30,5,0.0,100,5,leaf,42,15,0.5819042952800915,0.0468724481463335,0.154296875,0.24609375,0.08071883022785187,0.04414492845535278,True,0.08071883022785187,0.9518919150355597
baseline-n60-d10-c40-ms3-eom,baseline,60,10,0.0,40,3,eom,42,8,0.066307365670423,0.8432141107300343,0.08605912191708938,0.11457057897498688,-0.13593226671218872,-0.10979947447776794,True,-0.13593226671218872,0.9640669088909664
baseline-n60-d10-c40-ms3-leaf,baseline,60,10,0.0,40,3,leaf,42,39,0.47411399640699003,0.0354401437203985,0.30714285714285716,0.38850931677018635,0.0687788799405098,0.02092604711651802,True,0.0687788799405098,0.8906835078025005
baseline-n60-d10-c40-ms5-eom,baseline,60,10,0.0,40,5,eom,42,9,0.06320431161195493,0.8427241548260657,0.0899581589958159,0.11837517433751743,-0.1334875226020813,-0.10761838406324387,True,-0.1334875226020813,0.9662446175224334
baseline-n60-d10-c40-ms5-leaf,baseline,60,10,0.0,40,5,leaf,42,36,0.509227502858076,0.04393271272252164,0.31647254575707157,0.40998336106489186,0.0782935693860054,0.030088946223258972,True,0.0782935693860054,0.8866696107967119
baseline-n60-d10-c60-ms3-eom,baseline,60,10,0.0,60,3,eom,42,7,0.07414666013392128,0.8432141107300343,0.07832069147997883,0.11042511906861881,-0.14135517179965973,-0.11538150161504745,True,-0.14135517179965973,0.9684341573499974
baseline-n60-d10-c60-ms3-leaf,baseline,60,10,0.0,60,3,leaf,42,27,0.5206598072840111,0.0468724481463335,0.2541737649063032,0.3465076660988075,0.05227286368608475,0.011844650842249393,True,0.05227286368608475,0.9061341542625224
baseline-n60-d10-c60-ms5-eom,baseline,60,10,0.0,60,5,eom,42,7,0.07855626326963906,0.8427241548260657,0.07479617157036512,0.1109535625664658,-0.14051701128482819,-0.11486274749040604,True,-0.14051701128482819,0.9683982934364586
baseline-n60-d10-c60-ms5-leaf,baseline,60,10,0.0,60,5,leaf,42,26,0.5593663236975339,0.04393271272252164,0.26167531504818387,0.3747220163083766,0.07091343402862549,0.02371399663388729,True,0.07091343402862549,0.9132382567971656
baseline-n60-d10-c100-ms3-eom,baseline,60,10,0.0,100,3,eom,42,2,0.021231422505307854,0.9586803854319778,0.02052394460203571,0.05289504421825463,0.0950273647904396,0.20256482064723969,True,0.0950273647904396,0.8920157510431513
baseline-n60-d10-c100-ms3-leaf,baseline,60,10,0.0,100,3,leaf,42,14,0.5943165115139637,0.050955414012738856,0.11473429951690821,0.21457326892109502,0.07875864207744598,0.03947295993566513,True,0.07875864207744598,0.9406927783049238
baseline-n60-d10-c100-ms5-eom,baseline,60,10,0.0,100,5,eom,42,2,0.025151069737056997,0.9547607382002287,0.020606466744848385,0.05310772323672307,0.09915487468242645,0.20590084791183472,True,0.09915487468242645,0.8962710226901461
baseline-n60-d10-c100-ms5-leaf,baseline,60,10,0.0,100,5,leaf,42,11,0.5588763677935652,0.11742609831781806,0.045538689374305816,0.18030359126249537,0.09093768149614334,0.05559517815709114,True,0.09093768149614334,0.862850910560337
clean-n30-d5-c40-ms3-eom,clean,30,5,0.0,40,3,eom,42,33,0.45843540747999345,0.043606075453209214,0.15349819059107359,0.26568154402895056,-0.0007698257104493678,0.015285182744264603,,0.015285185538232327,0.8853986764077151
clean-n30-d5-c40-ms3-leaf,clean,30,5,0.0,40,3,leaf,42,35,0.4723174914257717,0.043606075453209214,0.18260600433302382,0.2760755184153513,0.014555173926055431,0.026195257902145386,,0.026195257902145386,0.8818613734810312
clean-n30-d5-c40-ms5-eom,clean,30,5,0.0,40,5,eom,42,32,0.4623550547117426,0.04442266862649028,0.15188335358444716,0.261543134872418,-0.002003246918320656,0.020747387781739235,,0.020747391507029533,0.905397283953756
clean-n30-d5-c40-ms5-leaf,clean,30,5,0.0,40,5,leaf,42,36,0.49959170341335946,0.04180957047199085,0.189621409921671,0.2868798955613577,0.018609898164868355,0.03145672380924225,,0.03145672380924225,0.8933354792953705
clean-n30-d5-c60-ms3-eom,clean,30,5,0.0,60,3,eom,42,4,0.10272742119875877,0.8585660623877185,0.016745540589734254,0.0620677102293411,0.05871320515871048,0.039516597986221313,,0.039516597986221313,0.9779606236692797
clean-n30-d5-c60-ms3-leaf,clean,30,5,0.0,60,3,leaf,42,23,0.5538134901192227,0.043606075453209214,0.08784773060029283,0.215592972181552,0.03422171622514725,0.055819299072027206,,0.055819302797317505,0.9266740226049675
clean-n30-d5-c60-ms5-eom,clean,30,5,0.0,60,5,eom,42,4,0.10305405846807121,0.858239425118406,0.016751638747268753,0.062090313182811364,0.05888265743851662,0.0396440364420414,,0.0396440364420414,0.9754988210727088
clean-n30-d5-c60-ms5-leaf,clean,30,5,0.0,60,5,leaf,42,21,0.5626326963906582,0.062387718438673856,0.0888722927557879,0.21321882001493653,0.047860968858003616,0.07884259521961212,,0.07884258776903152,0.9112554641640145
clean-n30-d5-c100-ms3-eom,clean,30,5,0.0,100,3,eom,42,9,0.4976318797974849,0.11350645108606892,0.0,0.11605981794538361,0.06129210442304611,0.062480054795742035,,0.06248005852103233,0.9255190206379154
clean-n30-d5-c100-ms3-leaf,clean,30,5,0.0,100,3,leaf,42,10,0.5472807447329741,0.0984811366976972,0.0,0.12950937950937952,0.05137309432029724,0.05364402383565903,,0.053644027560949326,0.9264432669869255
clean-n30-d5-c100-ms5-eom,clean,30,5,0.0,100,5,eom,42,9,0.5257226849583537,0.1177527355871305,0.0,0.11880165289256199,0.07255319505929947,0.07277403026819229,,0.07277403026819229,0.9170483721719674
clean-n30-d5-c100-ms5-leaf,clean,30,5,0.0,100,5,leaf,42,10,0.5833741629919974,0.08917197452229299,0.0,0.13445707565660525,0.06231832504272461,0.06487661600112915,,0.06487662345170975,0.9203323282924589
clean-n60-d10-c40-ms3-eom,clean,60,10,0.0,40,3,eom,42,30,0.4827698840437694,0.06434754205454843,0.13482791285127882,0.262709188506473,0.02437484823167324,0.05267991125583649,,0.052679914981126785,0.8926227642529135
clean-n60-d10-c40-ms3-leaf,clean,60,10,0.0,40,3,leaf,42,32,0.5268659154009473,0.05193532582067614,0.14739385571280636,0.2802899551259924,0.033334679901599884,0.05185702070593834,,0.05185702443122864,0.8885661204720114
clean-n60-d10-c40-ms5-eom,clean,60,10,0.0,40,5,eom,42,5,0.05471174260983178,0.9051118732647395,0.03299930891499654,0.06617138908085694,-0.09797240793704987,-0.05178885534405708,,-0.051788851618766785,0.9872226233663935
clean-n60-d10-c40-ms5-leaf,clean,60,10,0.0,40,5,leaf,42,32,0.5740650008165932,0.04393271272252164,0.1660276073619632,0.3113496932515337,0.03492579609155655,0.05763581395149231,,0.057635821402072906,0.9054047446178178
clean-n60-d10-c60-ms3-eom,clean,60,10,0.0,60,3,eom,42,2,0.031030540584680712,0.9541074636616038,0.015337940333726614,0.047867857744817124,0.08097588270902634,0.06715033203363419,,0.06715033203363419,0.958235690348371
clean-n60-d10-c60-ms3-leaf,clean,60,10,0.0,60,3,leaf,42,19,0.564755838641189,0.06434754205454843,0.06566604127579738,0.19774859287054408,0.05743066221475601,0.07717964053153992,,0.07717964053153992,0.884485701841746
clean-n60-d10-c60-ms5-eom,clean,60,10,0.0,60,5,eom,42,2,0.031030540584680712,0.9541074636616038,0.015337940333726614,0.047867857744817124,0.08097588270902634,0.06715033203363419,,0.06715033203363419,0.9579301971822051
clean-n60-d10-c60-ms5-leaf,clean,60,10,0.0,60,5,leaf,42,20,0.5796178343949044,0.0641842234198922,0.09052059052059053,0.2195027195027195,0.07274279743432999,0.08940431475639343,,0.08940431475639343,0.9074524086086303
clean-n60-d10-c100-ms3-eom,clean,60,10,0.0,100,3,eom,42,2,0.12951167728237792,0.8526865915400947,0.0,0.04371482176360225,0.3040854036808014,0.31719058752059937,,0.31719058752059937,0.9314098260354711
clean-n60-d10-c100-ms3-leaf,clean,60,10,0.0,100,3,leaf,42,12,0.5582230932549404,0.12461211824269149,0.0,0.13419593345656192,0.055305115878582,0.07486417144536972,,0.07486417889595032,0.8814701050403378
clean-n60-d10-c100-ms5-eom,clean,60,10,0.0,100,5,eom,42,2,0.13555446676465785,0.846807120692471,0.0,0.04345361798601927,0.3057417869567871,0.31861481070518494,,0.31861478090286255,0.9282601042151241
clean-n60-d10-c100-ms5-leaf,clean,60,10,0.0,100,5,leaf,42,9,0.6447819696227339,0.09570471990854157,0.0,0.13333333333333333,0.10677017271518707,0.12516619265079498,,0.12516619265079498,0.899719401902436
clean-title-n30-d5-c40-ms3-eom,clean-title,30,5,0.0,40,3,eom,42,42,0.05699820349501878,0.0948881267352605,0.008486317977138898,0.1364738482854174,-0.1197662502527237,-0.12388733774423599,,0.18524231016635895,0.8067869698175621
clean-title-n30-d5-c40-ms3-leaf,clean-title,30,5,0.0,40,3,leaf,42,55,0.2657194185856606,0.05079209537808264,0.039813167259786474,0.18016014234875444,-0.10561656206846237,-0.11210574209690094,,0.15260151028633118,0.8238723002834086
clean-title-n30-d5-c40-ms5-eom,clean-title,30,5,0.0,40,5,eom,42,42,0.060591213457455495,0.09456148946594807,0.008518776077885953,0.13630041724617525,-0.12005195021629333,-0.124027781188488,,0.18692710995674133,0.8105523000083865
clean-title-n30-d5-c40-ms5-leaf,clean-title,30,5,0.0,40,5,leaf,42,53,0.2719255267025968,0.05079209537808264,0.03409600717810678,0.17227456258411844,-0.10854816436767578,-0.11935136467218399,,0.15910106897354126,0.8200232403831684
clean-title-n30-d5-c60-ms3-eom,clean-title,30,5,0.0,60,3,eom,42,35,0.11252653927813164,0.0948881267352605,0.0,0.13029076186970923,-0.11130121350288391,-0.11290240287780762,,0.19079703092575073,0.8270627719719545
clean-title-n30-d5-c60-ms3-leaf,clean-title,30,5,0.0,60,3,leaf,42,38,0.2206434754205455,0.05536501714845664,0.0,0.15150880134115674,-0.09364032745361328,-0.09913290292024612,,0.17861530184745789,0.8303618455372768
clean-title-n30-d5-c60-ms5-eom,clean-title,30,5,0.0,60,5,eom,42,35,0.11611954924056835,0.09456148946594807,0.0,0.13008130081300814,-0.11187474429607391,-0.11355450749397278,,0.19261163473129272,0.8476611370999599
clean-title-n30-d5-c60-ms5-leaf,clean-title,30,5,0.0,60,5,leaf,42,40,0.24383472154172792,0.056018291687081494,0.0,0.15831533477321813,-0.08584307879209518,-0.09221162647008896,,0.18172292411327362,0.8550945349547716
clean-title-n30-d5-c100-ms3-eom,clean-title,30,5,0.0,100,3,eom,42,24,0.15841907561652785,0.0948881267352605,0.0,0.12128856976518533,-0.10341142117977142,-0.10027393698692322,,0.1605585217475891,0.8202460584685782
clean-title-n30-d5-c100-ms3-leaf,clean-title,30,5,0.0,100,3,leaf,42,25,0.1749142577168055,0.0948881267352605,0.0,0.1260886777513856,-0.09949827194213867,-0.10121490061283112,,0.1465001255273819,0.8227048248875541
clean-title-n30-d5-c100-ms5-eom,clean-title,30,5,0.0,100,5,eom,42,22,0.16772823779193205,0.09456148946594807,0.0,0.12205651491365777,-0.10297334939241409,-0.10152363777160645,,0.1637156903743744,0.8074332891848485
clean-title-n30-d5-c100-ms5-leaf,clean-title,30,5,0.0,100,5,leaf,42,23,0.18487669443083457,0.09456148946594807,0.0,0.12803045481867362,-0.09948233515024185,-0.10218650102615356,,0.1499871015548706,0.8085911730131085
clean-title-n60-d10-c40-ms3-eom,clean-title,60,10,0.0,40,3,eom,42,46,0.04964886493548914,0.10011432304425935,0.015466575012888813,0.14332359511943632,-0.13296182453632355,-0.13951970636844635,,0.19107992947101593,0.8178451222429207
clean-title-n60-d10-c40-ms3-leaf,clean-title,60,10,0.0,40,3,leaf,42,54,0.1910828025477707,0.05471174260983178,0.030082778114274178,0.1732283464566929,-0.11941472440958023,-0.12250672280788422,,0.17023929953575134,0.8147154492385671
clean-title-n60-d10-c40-ms5-eom,clean-title,60,10,0.0,40,5,eom,42,45,0.06010125755348685,0.09946104850563449,0.015638575152041704,0.1423110338835795,-0.13317473232746124,-0.13915002346038818,,0.19168861210346222,0.8196727899629869
clean-title-n60-d10-c40-ms5-leaf,clean-title,60,10,0.0,40,5,leaf,42,52,0.21198758778376614,0.05405846807120693,0.04020725388601036,0.17139896373056995,-0.12781864404678345,-0.1274954080581665,,0.1846051961183548,0.8271063104144967
clean-title-n60-d10-c60-ms3-eom,clean-title,60,10,0.0,60,3,eom,42,34,0.10256410256410256,0.10011432304425935,0.0,0.12793448589626932,-0.12555254995822906,-0.1316474825143814,,0.19441618025302887,0.8336934730330866
clean-title-n60-d10-c60-ms3-leaf,clean-title,60,10,0.0,60,3,leaf,42,37,0.19941205291523764,0.06124448799608035,0.0,0.15014279885760914,-0.1076049655675888,-0.11530907452106476,,0.17620085179805756,0.8396786851314422
clean-title-n60-d10-c60-ms5-eom,clean-title,60,10,0.0,60,5,eom,42,34,0.10566715662257063,0.09946104850563449,0.0,0.1272826880934989,-0.12673038244247437,-0.1323809176683426,,0.19351115822792053,0.8279714098016361
clean-title-n60-d10-c60-ms5-leaf,clean-title,60,10,0.0,60,5,leaf,42,37,0.22570635309488812,0.06124448799608035,0.0,0.15017928707023834,-0.10537867993116379,-0.11055736988782883,,0.18064910173416138,0.8338935907708205
clean-title-n60-d10-c100-ms3-eom,clean-title,60,10,0.0,100,3,eom,42,22,0.14323044259349993,0.10011432304425935,0.0,0.11475409836065574,-0.0984853059053421,-0.09671344608068466,,0.1654118448495865,0.8329773786087935
clean-title-n60-d10-c100-ms3-leaf,clean-title,60,10,0.0,100,3,leaf,42,26,0.24955087375469542,0.06124448799608035,0.0,0.1381936887921654,-0.08169350028038025,-0.08449745178222656,,0.14534033834934235,0.8451100762525589
clean-title-n60-d10-c100-ms5-eom,clean-title,60,10,0.0,100,5,eom,42,21,0.1363710599379389,0.09946104850563449,0.0,0.1117624810892587,-0.10076770931482315,-0.0988253578543663,,0.16652812063694,0.8132456620969634
clean-title-n60-d10-c100-ms5-leaf,clean-title,60,10,0.0,100,5,leaf,42,23,0.16299199738690184,0.09946104850563449,0.0,0.11824390243902438,-0.09457003325223923,-0.0951799526810646,,0.15630877017974854,0.8145035428532269
clean-skills-n30-d5-c40-ms3-eom,clean-skills,30,5,0.0,40,3,eom,42,35,0.12559203005062877,0.22668626490282542,0.009712364587224505,0.09338812103100486,-0.1480269432067871,-0.14215368032455444,,0.0845039114356041,0.858173978483195
clean-skills-n30-d5-c40-ms3-leaf,clean-skills,30,5,0.0,40,3,leaf,42,51,0.30507920953780826,0.026947574718275354,0.012220916568742655,0.14007050528789658,-0.1290891468524933,-0.11492381244897842,,0.10676942020654678,0.8511537718253467
clean-skills-n30-d5-c40-ms5-eom,clean-skills,30,5,0.0,40,5,eom,42,34,0.12052915237628613,0.22668626490282542,0.009656453110492107,0.09229340761374187,-0.15562410652637482,-0.14966078102588654,,0.08377771824598312,0.8321886777605088
clean-skills-n30-d5-c40-ms5-leaf,clean-skills,30,5,0.0,40,5,leaf,42,47,0.28417442430181283,0.03984974685611628,0.026009582477754964,0.13392653433721197,-0.14009007811546326,-0.12608200311660767,,0.11937073618173599,0.8182290565112766
clean-skills-n30-d5-c60-ms3-eom,clean-skills,30,5,0.0,60,3,eom,42,26,0.16348195329087048,0.23713865752082314,0.0,0.08082780163998438,-0.12604574859142303,-0.12136190384626389,,0.08888637274503708,0.8560826165038193
clean-skills-n30-d5-c60-ms3-leaf,clean-skills,30,5,0.0,60,3,leaf,42,34,0.29903642005552833,0.03984974685611628,0.0,0.11346691519105312,-0.10420063883066177,-0.09314032644033432,,0.11011029034852982,0.8600718695510244
clean-skills-n30-d5-c60-ms5-eom,clean-skills,30,5,0.0,60,5,eom,42,26,0.17213784092764983,0.23713865752082314,0.0,0.08187019135924245,-0.12857627868652344,-0.12503953278064728,,0.09054404497146606,0.8525107636894691
clean-skills-n30-d5-c60-ms5-leaf,clean-skills,30,5,0.0,60,5,leaf,42,34,0.32010452392618,0.03984974685611628,0.0,0.1167427336055729,-0.09960106760263443,-0.09037282317876816,,0.12331218272447586,0.8585451555314151
clean-skills-n30-d5-c100-ms3-eom,clean-skills,30,5,0.0,100,3,eom,42,11,0.036256736893679566,0.3988241058304753,0.0,0.06066768344348415,-0.07994219660758972,-0.06924057006835938,,0.03392554447054863,0.8925142334681905
clean-skills-n30-d5-c100-ms3-leaf,clean-skills,30,5,0.0,100,3,leaf,42,23,0.3176547444063368,0.06222439980401764,0.0,0.09095260890378172,-0.1022418662905693,-0.09789042919874191,,0.0862157791852951,0.8748488219433909
clean-skills-n30-d5-c100-ms5-eom,clean-skills,30,5,0.0,100,5,eom,42,11,0.03511350645108607,0.400130654907725,0.0,0.06059580230196344,-0.09577469527721405,-0.0828363299369812,,0.02993818186223507,0.8545966335198276
clean-skills-n30-d5-c100-ms5-leaf,clean-skills,30,5,0.0,100,5,leaf,42,22,0.3062224399804018,0.0720235178833905,0.0,0.09369114877589454,-0.08300399035215378,-0.08007867634296417,,0.0773041769862175,0.8326429537363292
clean-skills-n60-d10-c40-ms3-eom,clean-skills,60,10,0.0,40,3,eom,42,37,0.14486362894006205,0.22586967172954434,0.009931245225362872,0.09568372803666922,-0.128378763794899,-0.12074793875217438,,0.10963744670152664,0.8392702860896448
clean-skills-n60-d10-c40-ms3-leaf,clean-skills,60,10,0.0,40,3,leaf,42,44,0.2572268495835375,0.04050302139474114,0.011433597185576077,0.1218117854001759,-0.09647081047296524,-0.08461879938840866,,0.13161417841911316,0.8201963843845594
clean-skills-n60-d10-c40-ms5-eom,clean-skills,60,10,0.0,40,5,eom,42,38,0.15613261473134085,0.2278294953454189,0.010063866847300174,0.09754209405844784,-0.1395162045955658,-0.13020387291908264,,0.10615095496177673,0.8465994524496625
clean-skills-n60-d10-c40-ms5-leaf,clean-skills,60,10,0.0,40,5,leaf,42,46,0.2918504001306549,0.04050302139474114,0.011992619926199263,0.12661439114391143,-0.10435724258422852,-0.09497711062431335,,0.12982791662216187,0.8358267990606753
clean-skills-n60-d10-c60-ms3-eom,clean-skills,60,10,0.0,60,3,eom,42,30,0.18014045402580434,0.23828188796341662,0.0,0.0848605577689243,-0.13727501034736633,-0.12956690788269043,,0.10787571221590042,0.8571762863601448
clean-skills-n60-d10-c60-ms3-leaf,clean-skills,60,10,0.0,60,3,leaf,42,36,0.2985464641515597,0.04050302139474114,0.0,0.11362048894062864,-0.1016872301697731,-0.08860187232494354,,0.12432418763637543,0.8763979852668997
clean-skills-n60-d10-c60-ms5-eom,clean-skills,60,10,0.0,60,5,eom,42,27,0.21688714682345256,0.23828188796341662,0.0,0.08237747653806048,-0.1471678912639618,-0.13774628937244415,,0.11010917276144028,0.8473540717462642
clean-skills-n60-d10-c60-ms5-leaf,clean-skills,60,10,0.0,60,5,leaf,42,33,0.3503184713375796,0.04050302139474114,0.0,0.11236802413273002,-0.10577643662691116,-0.09079919755458832,,0.13319788873195648,0.868051211367573
clean-skills-n60-d10-c100-ms3-eom,clean-skills,60,10,0.0,100,3,eom,42,17,0.17801731177527355,0.23828188796341662,0.0,0.0766938207828333,-0.11507775634527206,-0.10873978585004807,,0.07927482575178146,0.8787296873833844
clean-skills-n60-d10-c100-ms3-leaf,clean-skills,60,10,0.0,100,3,leaf,42,24,0.32010452392618,0.06712395884370406,0.0,0.1078549123228441,-0.09513157606124878,-0.08579526841640472,,0.10020303726196289,0.8927785805024209
clean-skills-n60-d10-c100-ms5-eom,clean-skills,60,10,0.0,100,5,eom,42,9,0.04850563449289564,0.4042136207741303,0.0,0.05990387916237556,-0.052215177565813065,-0.04358510673046112,,0.05673618242144585,0.9025065264136404
clean-skills-n60-d10-c100-ms5-leaf,clean-skills,60,10,0.0,100,5,leaf,42,23,0.33398660787195816,0.06712395884370406,0.0,0.10593428151054439,-0.08877251297235489,-0.08287006616592407,,0.11091475933790207,0.8905306356138345
balanced-n30-d5-c40-ms3-eom,balanced,30,5,0.0,40,3,eom,42,44,0.1739343459088682,0.09178507267679242,0.01720047449584816,0.13444049031237643,-0.11286056041717529,-0.10475190728902817,,0.08103593438863754,0.8301372859804788
balanced-n30-d5-c40-ms3-leaf,balanced,30,5,0.0,40,3,leaf,42,49,0.23958843704066635,0.036256736893679566,0.018685567010309278,0.14733676975945018,-0.11848098039627075,-0.11080170422792435,,0.10526372492313385,0.8071652597820975
balanced-n30-d5-c40-ms5-eom,balanced,30,5,0.0,40,5,eom,42,42,0.17883390494855464,0.09162175404213621,0.017303102625298328,0.13166268894192523,-0.10946700721979141,-0.10037042200565338,,0.08923999965190887,0.8426416849284476
balanced-n30-d5-c40-ms5-leaf,balanced,30,5,0.0,40,5,leaf,42,49,0.262943001796505,0.03593009962436714,0.019277642366496785,0.15001107910480832,-0.11602256447076797,-0.10870468616485596,,0.11489516496658325,0.8234391346370721
balanced-n30-d5-c60-ms3-eom,balanced,30,5,0.0,60,3,eom,42,29,0.1615221296749959,0.09178507267679242,0.0,0.1090767432800935,-0.10738088190555573,-0.1066097840666771,,0.08062151074409485,0.8902650199191522
balanced-n30-d5-c60-ms3-leaf,balanced,30,5,0.0,60,3,leaf,42,40,0.2747019434917524,0.041156295933366,0.0,0.12722359828867372,-0.11294639855623245,-0.11045631766319275,,0.10273022204637527,0.8741585871207693
balanced-n30-d5-c60-ms5-eom,balanced,30,5,0.0,60,5,eom,42,28,0.169198105503838,0.09162175404213621,0.0,0.10929821112640063,-0.10811314731836319,-0.10707642138004303,,0.08143764734268188,0.8749358626559909
balanced-n30-d5-c60-ms5-leaf,balanced,30,5,0.0,60,5,leaf,42,38,0.27061897762534703,0.05111873264739507,0.0,0.12875055978504255,-0.11527605354785919,-0.11414553970098495,,0.1040213406085968,0.8594649975794576
balanced-n30-d5-c100-ms3-eom,balanced,30,5,0.0,100,3,eom,42,19,0.1772007186019925,0.09178507267679242,0.0,0.09408495434696308,-0.06227172538638115,-0.06025859713554382,,0.09378993511199951,0.8556358239778054
balanced-n30-d5-c100-ms3-leaf,balanced,30,5,0.0,100,3,leaf,42,21,0.24873428058141434,0.07349338559529642,0.0,0.10130434782608695,-0.07307302206754684,-0.07188786566257477,,0.10656291991472244,0.8564276152775515
balanced-n30-d5-c100-ms5-eom,balanced,30,5,0.0,100,5,eom,42,19,0.18095704719908542,0.09162175404213621,0.0,0.09451645064805583,-0.06177888438105583,-0.060255054384469986,,0.09493313729763031,0.8624867838064447
balanced-n30-d5-c100-ms5-leaf,balanced,30,5,0.0,100,5,leaf,42,21,0.2528172464478197,0.0733300669606402,0.0,0.10251366120218579,-0.07555803656578064,-0.07490913569927216,,0.1082327738404274,0.8652470981261365
balanced-n60-d10-c40-ms3-eom,balanced,60,10,0.0,40,3,eom,42,39,0.14453699167074963,0.08672219500244978,0.025582283314242078,0.1277205040091638,-0.12003597617149353,-0.1121085062623024,,0.07826080918312073,0.874026996415843
balanced-n60-d10-c40-ms3-leaf,balanced,60,10,0.0,40,3,leaf,42,51,0.26686264902825413,0.03984974685611628,0.029850746268656716,0.15214969926486968,-0.13546906411647797,-0.12853839993476868,,0.1202424168586731,0.8431887149214667
balanced-n60-d10-c40-ms5-eom,balanced,60,10,0.0,40,5,eom,42,36,0.15417279111546628,0.08639555773313735,0.018150222050588916,0.12666537941687583,-0.12036905437707901,-0.11107725650072098,,0.08259666711091995,0.8719737399660348
balanced-n60-d10-c40-ms5-leaf,balanced,60,10,0.0,40,5,leaf,42,49,0.28548097337906253,0.03854319777886657,0.021485714285714285,0.15177142857142858,-0.12950782477855682,-0.1212596520781517,,0.12630635499954224,0.8401750637275806
balanced-n60-d10-c60-ms3-eom,balanced,60,10,0.0,60,3,eom,42,28,0.13751429038053242,0.08933529315694921,0.0,0.10357886763870479,-0.10602645576000214,-0.10984289646148682,,0.06419268250465393,0.8400544170436379
balanced-n60-d10-c60-ms3-leaf,balanced,60,10,0.0,60,3,leaf,42,36,0.2480810060427895,0.06385758615057978,0.0,0.12033014769765421,-0.11392033845186234,-0.12049275636672974,,0.09197060763835907,0.8397667449351782
balanced-n60-d10-c60-ms5-eom,balanced,60,10,0.0,60,5,eom,42,26,0.16282867875224563,0.08770210681038706,0.0,0.10573546625048771,-0.10646408796310425,-0.10807974636554718,,0.0859927386045456,0.8613786927165918
balanced-n60-d10-c60-ms5-leaf,balanced,60,10,0.0,60,5,leaf,42,34,0.27306875714519024,0.04981218357014535,0.0,0.12289373174567512,-0.12150618433952332,-0.1252826452255249,,0.10373907536268234,0.8510165805485239
balanced-n60-d10-c100-ms3-eom,balanced,60,10,0.0,100,3,eom,42,17,0.11807937285644292,0.11399640699003756,0.0,0.08648148148148148,-0.06029490381479263,-0.06203119829297066,,0.10240831971168518,0.8772155616850735
balanced-n60-d10-c100-ms3-leaf,balanced,60,10,0.0,100,3,leaf,42,24,0.24791768740813327,0.06712395884370406,0.0,0.10380021715526601,-0.07589156925678253,-0.08012489974498749,,0.09280747175216675,0.8733436688767416
balanced-n60-d10-c100-ms5-eom,balanced,60,10,0.0,100,5,eom,42,17,0.14910991344112362,0.11399640699003756,0.0,0.08848368522072937,-0.06875777244567871,-0.0685766339302063,,0.10702034085988998,0.8980943837025303
balanced-n60-d10-c100-ms5-leaf,balanced,60,10,0.0,100,5,leaf,42,24,0.27878490935815775,0.06500081659317328,0.0,0.10733695652173914,-0.07923322916030884,-0.08072783797979355,,0.09868841618299484,0.8926398973790289
technical-n30-d5-c40-ms3-eom,technical,30,5,0.0,40,3,eom,42,51,0.21345745549567205,0.045239261799771356,0.0,0.12769933554817275,-0.1543560028076172,-0.15416757762432098,,0.11480388045310974,0.8293636240262512
technical-n30-d5-c40-ms3-leaf,technical,30,5,0.0,40,3,leaf,42,55,0.24775436877347706,0.03054058468071207,0.0,0.13438992618323925,-0.15330857038497925,-0.1509779989719391,,0.12201626598834991,0.8245206518277244
technical-n30-d5-c40-ms5-eom,technical,30,5,0.0,40,5,eom,42,49,0.21427404866895314,0.07594316511513964,0.0,0.12533776761588028,-0.156364306807518,-0.15561549365520477,,0.11198083311319351,0.8451953849777776
technical-n30-d5-c40-ms5-leaf,technical,30,5,0.0,40,5,leaf,42,55,0.2747019434917524,0.03054058468071207,0.0,0.13645575320873676,-0.14851263165473938,-0.1474442183971405,,0.1279187798500061,0.839269796057623
technical-n30-d5-c60-ms3-eom,technical,30,5,0.0,60,3,eom,42,24,0.07104360607545321,0.46039523109586805,0.0,0.07823488045007032,-0.1581905037164688,-0.15183165669441223,,-0.005208768881857395,0.8909734488044291
technical-n30-d5-c60-ms3-leaf,technical,30,5,0.0,60,3,leaf,42,36,0.25804344275681856,0.05160868855136371,0.0,0.11270085846357032,-0.13421443104743958,-0.1298040747642517,,0.10533865541219711,0.8301953794274414
technical-n30-d5-c60-ms5-eom,technical,30,5,0.0,60,5,eom,42,23,0.0720235178833905,0.46039523109586805,0.0,0.07743752199929602,-0.15759101510047913,-0.15095801651477814,,-0.0031902180053293705,0.903706784277016
technical-n30-d5-c60-ms5-leaf,technical,30,5,0.0,60,5,leaf,42,35,0.3078556263269639,0.05160868855136371,0.0,0.1123171307220387,-0.13227273523807526,-0.12787771224975586,,0.12030688673257828,0.8507162467404432
technical-n30-d5-c100-ms3-eom,technical,30,5,0.0,100,3,eom,42,11,0.05814143393761228,0.46039523109586805,0.0,0.0556615224553494,-0.047328636050224304,-0.043397389352321625,,0.05485693737864494,0.9011618767511062
technical-n30-d5-c100-ms3-leaf,technical,30,5,0.0,100,3,leaf,42,22,0.33725298056508246,0.05160868855136371,0.0,0.09117792015771316,-0.1297200471162796,-0.12018038332462311,,0.11042389273643494,0.8683767902818729
technical-n30-d5-c100-ms5-eom,technical,30,5,0.0,100,5,eom,42,9,0.027600849256900213,0.46039523109586805,0.0,0.054249244205576086,-0.023128783330321312,-0.018726427108049393,,0.046558964997529984,0.9066626467827911
technical-n30-d5-c100-ms5-leaf,technical,30,5,0.0,100,5,leaf,42,23,0.3486852849910175,0.05160868855136371,0.0,0.09378134403209629,-0.12722177803516388,-0.11915189027786255,,0.11803122609853745,0.8738739231180815
technical-n60-d10-c40-ms3-eom,technical,60,10,0.0,40,3,eom,42,30,0.08378245957863792,0.4631716478850237,0.01568627450980392,0.08912655971479501,-0.17395846545696259,-0.16393928229808807,,-0.0011178696295246482,0.9136121604903965
technical-n60-d10-c40-ms3-leaf,technical,60,10,0.0,40,3,leaf,42,53,0.26098317818063044,0.030703903315368285,0.028729281767955802,0.14121546961325968,-0.1579034924507141,-0.15703235566616058,,0.14926210045814514,0.844330720598393
technical-n60-d10-c40-ms5-eom,technical,60,10,0.0,40,5,eom,42,30,0.07528989057651478,0.4631716478850237,0.015542211232779936,0.09060402684563758,-0.1757529377937317,-0.16722211241722107,,-0.0017580456333234906,0.9079667174443152
technical-n60-d10-c40-ms5-leaf,technical,60,10,0.0,40,5,leaf,42,52,0.2745386248570962,0.04131961456802221,0.029040972534894193,0.14340387212967132,-0.16835367679595947,-0.16691257059574127,,0.15362682938575745,0.8454018300538864
technical-n60-d10-c60-ms3-eom,technical,60,10,0.0,60,3,eom,42,22,0.08949861179160543,0.4631716478850237,0.0,0.0747982062780269,-0.15519596636295319,-0.14869995415210724,,0.00220564566552639,0.9147374384559963
technical-n60-d10-c60-ms3-leaf,technical,60,10,0.0,60,3,leaf,42,34,0.2701290217213784,0.04981218357014535,0.0,0.10539270530319982,-0.13165146112442017,-0.12863190472126007,,0.11883904039859772,0.8530678687161557
technical-n60-d10-c60-ms5-eom,technical,60,10,0.0,60,5,eom,42,22,0.09243834721541729,0.4631716478850237,0.0,0.07773978765520964,-0.15863288938999176,-0.15164677798748016,,0.007506323046982288,0.9161367806378273
technical-n60-d10-c60-ms5-leaf,technical,60,10,0.0,60,5,leaf,42,34,0.292666993303936,0.04964886493548914,0.0,0.11105980143154005,-0.14102594554424286,-0.13663159310817719,,0.12547777593135834,0.8600343583242027
technical-n60-d10-c100-ms3-eom,technical,60,10,0.0,100,3,eom,42,13,0.05405846807120693,0.4631716478850237,0.0,0.061982044198895025,-0.049732256680727005,-0.04028341546654701,,0.05481022968888283,0.9273952887065835
technical-n60-d10-c100-ms3-leaf,technical,60,10,0.0,100,3,leaf,42,25,0.29609668463171646,0.04981218357014535,0.0,0.09350348027842227,-0.13037791848182678,-0.12214133143424988,,0.13643474876880646,0.9088271361899318
technical-n60-d10-c100-ms5-eom,technical,60,10,0.0,100,5,eom,42,12,0.06010125755348685,0.4631716478850237,0.0,0.057688966116420506,-0.053237996995449066,-0.04397367313504219,,0.051392123103141785,0.9064592644133556
technical-n60-d10-c100-ms5-leaf,technical,60,10,0.0,100,5,leaf,42,22,0.2962600032663727,0.06581740976645435,0.0,0.0877233696913437,-0.14242975413799286,-0.13283152878284454,,0.12266408652067184,0.8988875432601037
raw-skills-n30-d5-c40-ms3-eom,raw-skills,30,5,0.0,40,3,eom,42,44,0.12395884370406664,0.19973869018455007,0.032997762863534674,0.11670395227442207,-0.15383392572402954,-0.15441890060901642,,0.11907953023910522,0.8788542617010566
raw-skills-n30-d5-c40-ms3-leaf,raw-skills,30,5,0.0,40,3,leaf,42,58,0.25771680548750614,0.026947574718275354,0.058085808580858087,0.16127612761276128,-0.1181902214884758,-0.12289079278707504,,0.11699952185153961,0.861636654516355
raw-skills-n30-d5-c40-ms5-eom,raw-skills,30,5,0.0,40,5,eom,42,43,0.14159725624693778,0.19973869018455007,0.03367579908675799,0.11624809741248097,-0.15360403060913086,-0.15466809272766113,,0.12805822491645813,0.8685644699424608
raw-skills-n30-d5-c40-ms5-leaf,raw-skills,30,5,0.0,40,5,leaf,42,53,0.254613751429038,0.03756328597092928,0.05390008764241893,0.15293602103418055,-0.12347311526536942,-0.1257985234260559,,0.1328827440738678,0.8443525680786549
raw-skills-n30-d5-c60-ms3-eom,raw-skills,30,5,0.0,60,3,eom,42,30,0.13588110403397027,0.19973869018455007,0.016443016443016444,0.09828009828009827,-0.11187207698822021,-0.1081690639257431,,0.12386085838079453,0.8568960600231558
raw-skills-n30-d5-c60-ms3-leaf,raw-skills,30,5,0.0,60,3,leaf,42,38,0.254613751429038,0.04295280091458435,0.03812445223488168,0.1270815074496056,-0.08910942077636719,-0.08453573286533356,,0.10945861786603928,0.8541841340617203
raw-skills-n30-d5-c60-ms5-eom,raw-skills,30,5,0.0,60,5,eom,42,30,0.14274048668953127,0.19973869018455007,0.016574585635359115,0.09868546389788531,-0.12231981754302979,-0.11553675681352615,,0.12343200296163559,0.8500583592702848
raw-skills-n30-d5-c60-ms5-leaf,raw-skills,30,5,0.0,60,5,leaf,42,37,0.2541237955250694,0.04295280091458435,0.034158090650317496,0.12721699146047732,-0.09994763880968094,-0.0912126675248146,,0.10667552798986435,0.8482127027277014
raw-skills-n30-d5-c100-ms3-eom,raw-skills,30,5,0.0,100,3,eom,42,22,0.1602155805977462,0.23142250530785563,0.0,0.07915208090237262,-0.11131280660629272,-0.10694219172000885,,0.10622384399175644,0.8333731572744555
raw-skills-n30-d5-c100-ms3-leaf,raw-skills,30,5,0.0,100,3,leaf,42,25,0.28793075289890574,0.043606075453209214,0.0,0.09954128440366973,-0.08011430501937866,-0.07250165194272995,,0.09279544651508331,0.876856886726924
raw-skills-n30-d5-c100-ms5-eom,raw-skills,30,5,0.0,100,5,eom,42,12,0.06712395884370406,0.38837171321247754,0.0,0.062324929971988796,-0.10181053727865219,-0.08906872570514679,,0.04255670681595802,0.8641233858818587
raw-skills-n30-d5-c100-ms5-leaf,raw-skills,30,5,0.0,100,5,leaf,42,23,0.29152376286134246,0.05503837987914421,0.0,0.09266943291839558,-0.08088778704404831,-0.07541109621524811,,0.09544292092323303,0.8772066847325304
raw-skills-n60-d10-c40-ms3-eom,raw-skills,60,10,0.0,40,3,eom,42,43,0.13179813816756492,0.21329413686101584,0.02163280662151994,0.11700526711813393,-0.14203432202339172,-0.1391352266073227,,0.12506763637065887,0.8735667872766123
raw-skills-n60-d10-c40-ms3-leaf,raw-skills,60,10,0.0,40,3,leaf,42,52,0.25608361914094396,0.03968642822146007,0.043249176728869375,0.15477497255762898,-0.10575959086418152,-0.10487646609544754,,0.14365914463996887,0.8460070448019937
raw-skills-n60-d10-c40-ms5-eom,raw-skills,60,10,0.0,40,5,eom,42,44,0.11170994610485056,0.21329413686101584,0.021143592572164,0.11527854384997242,-0.1581246554851532,-0.15564323961734772,,0.12684927880764008,0.8551565350871507
raw-skills-n60-d10-c40-ms5-leaf,raw-skills,60,10,0.0,40,5,leaf,42,52,0.24056834884860362,0.03968642822146007,0.024731182795698924,0.15161290322580645,-0.12108901888132095,-0.12084030359983444,,0.15216466784477234,0.8301943987146377
raw-skills-n60-d10-c60-ms3-eom,raw-skills,60,10,0.0,60,3,eom,42,33,0.13065490772497143,0.21329413686101584,0.01202329513432275,0.10651888033064062,-0.12439480423927307,-0.11946028470993042,,0.13779498636722565,0.8609744698773776
raw-skills-n60-d10-c60-ms3-leaf,raw-skills,60,10,0.0,60,3,leaf,42,40,0.24987751102400785,0.03968642822146007,0.031787502721532766,0.13738297409100805,-0.09541893005371094,-0.0910412147641182,,0.13763576745986938,0.8705254543985447
raw-skills-n60-d10-c60-ms5-eom,raw-skills,60,10,0.0,60,5,eom,42,34,0.12167238281887964,0.21329413686101584,0.01190033469691335,0.10468575678690963,-0.1244814321398735,-0.11812764406204224,,0.13795660436153412,0.8601404552541383
raw-skills-n60-d10-c60-ms5-leaf,raw-skills,60,10,0.0,60,5,leaf,42,40,0.2644128695084109,0.03968642822146007,0.014209591474245116,0.136101243339254,-0.09102903306484222,-0.08649016171693802,,0.14732755720615387,0.8692472090812664
raw-skills-n60-d10-c100-ms3-eom,raw-skills,60,10,0.0,100,3,eom,42,19,0.13343132451412706,0.23403560346235505,0.0,0.07764794572182435,-0.09525994956493378,-0.09529731422662735,,0.09252551198005676,0.8625762280315661
raw-skills-n60-d10-c100-ms3-leaf,raw-skills,60,10,0.0,100,3,leaf,42,25,0.3227176220806794,0.04703576678098971,0.0,0.10441282855075959,-0.07838568091392517,-0.08000112324953079,,0.11060397326946259,0.9128981396768531
raw-skills-n60-d10-c100-ms5-eom,raw-skills,60,10,0.0,100,5,eom,42,20,0.12526539278131635,0.23403560346235505,0.0,0.07617625093353249,-0.10867343097925186,-0.10053921490907669,,0.09141866862773895,0.8447818189396037
raw-skills-n60-d10-c100-ms5-leaf,raw-skills,60,10,0.0,100,5,leaf,42,24,0.30752898905765147,0.057651478033643636,0.0,0.10070754716981133,-0.0795726329088211,-0.07027506828308105,,0.09226492792367935,0.8841287606981171
lexical-n30-d5-c40-ms3-eom,lexical,30,5,0.0,40,3,eom,42,27,0.23419892209701126,0.2678425608361914,0.1019407123053956,0.16975901044998934,-0.13076436519622803,-0.14793682098388672,,0.06570981442928314,0.9132083431575405
lexical-n30-d5-c40-ms3-leaf,lexical,30,5,0.0,40,3,leaf,42,44,0.4190756165278458,0.037889923240241714,0.14815856058476243,0.23868428450941806,-0.07224753499031067,-0.09580077975988388,,0.10133201628923416,0.8649047361509499
lexical-n30-d5-c40-ms5-eom,lexical,30,5,0.0,40,5,eom,42,26,0.2286460885187,0.2678425608361914,0.08998517891170867,0.168536946855812,-0.1291303187608719,-0.14641903340816498,,0.06646911054849625,0.9206067416023244
lexical-n30-d5-c40-ms5-leaf,lexical,30,5,0.0,40,5,leaf,42,42,0.4285480973379063,0.03299036420055528,0.1486138896827665,0.24178336667619318,-0.09054207056760788,-0.11370840668678284,,0.11044096201658249,0.8741192705562398
lexical-n30-d5-c60-ms3-eom,lexical,30,5,0.0,60,3,eom,42,19,0.23419892209701126,0.2876041156295933,0.052463211772232884,0.1362763915547025,-0.11559699475765228,-0.12188011407852173,,0.07325619459152222,0.9079314888672001
lexical-n30-d5-c60-ms3-leaf,lexical,30,5,0.0,60,3,leaf,42,29,0.4099297729870978,0.055201698513800426,0.06808746194298367,0.17326321616385276,-0.07563698291778564,-0.08403147011995316,,0.09735804796218872,0.8946308067916482
lexical-n30-d5-c60-ms5-eom,lexical,30,5,0.0,60,5,eom,42,20,0.2288094071533562,0.2876041156295933,0.05167301990681914,0.14104193138500634,-0.11519869416952133,-0.12000294029712677,,0.07277259230613708,0.9129313816671516
lexical-n30-d5-c60-ms5-leaf,lexical,30,5,0.0,60,5,leaf,42,31,0.4231585823942512,0.05618161032173771,0.06908267270668177,0.18431483578708946,-0.07113181799650192,-0.08057937771081924,,0.10404888540506363,0.896968414705129
lexical-n30-d5-c100-ms3-eom,lexical,30,5,0.0,100,3,eom,42,4,0.026784256083619142,0.6093418259023354,0.0,0.05084745762711865,0.09298383444547653,0.07893389463424683,,0.12145291268825531,0.8916820072671917
lexical-n30-d5-c100-ms3-leaf,lexical,30,5,0.0,100,3,leaf,42,19,0.4197288910664707,0.06108116936142414,0.0,0.10695187165775401,-0.045232128351926804,-0.04144226759672165,,0.08756016194820404,0.9115364055738409
lexical-n30-d5-c100-ms5-eom,lexical,30,5,0.0,100,5,eom,42,4,0.026784256083619142,0.6093418259023354,0.0,0.05084745762711865,0.09298383444547653,0.07893389463424683,,0.12145291268825531,0.8867305839058698
lexical-n30-d5-c100-ms5-leaf,lexical,30,5,0.0,100,5,leaf,42,19,0.4221786705863139,0.05977462028417443,0.0,0.10881854154889768,-0.043552253395318985,-0.0406867153942585,,0.08911518007516861,0.9061722944073782
lexical-n60-d10-c40-ms3-eom,lexical,60,10,0.0,40,3,eom,42,30,0.28989057651478034,0.11726277968316184,0.11016559337626496,0.1858325666973321,-0.09070523083209991,-0.09613237529993057,,0.0874541848897934,0.8814786923606972
lexical-n60-d10-c40-ms3-leaf,lexical,60,10,0.0,40,3,leaf,42,38,0.4347542054548424,0.04507594316511514,0.13839930655879804,0.2291245304825195,-0.060706280171871185,-0.07247858494520187,,0.11687793582677841,0.8736723274310955
lexical-n60-d10-c40-ms5-eom,lexical,60,10,0.0,40,5,eom,42,30,0.3152049648864935,0.09929772987097828,0.10445981397567375,0.20176484617219176,-0.08707773685455322,-0.09462327510118484,,0.10331329703330994,0.8642316352579574
lexical-n60-d10-c40-ms5-leaf,lexical,60,10,0.0,40,5,leaf,42,36,0.4247917687408133,0.04474930589580271,0.12436115843270869,0.23594548551959113,-0.07437451928853989,-0.08766422420740128,,0.12016936391592026,0.8465850484631716
lexical-n60-d10-c60-ms3-eom,lexical,60,10,0.0,60,3,eom,42,14,0.21541727911154662,0.29021721378409276,0.04704412989175687,0.10803497085761865,-0.0764024630188942,-0.08201795816421509,,0.07951980829238892,0.9483298965689699
lexical-n60-d10-c60-ms3-leaf,lexical,60,10,0.0,60,3,leaf,42,27,0.45598562796015024,0.060264576188143064,0.06784749324527169,0.15310717502251575,-0.04915700480341911,-0.062254320830106735,,0.10073206573724747,0.8995975443094244
lexical-n60-d10-c60-ms5-eom,lexical,60,10,0.0,60,5,eom,42,6,0.1076269802384452,0.5884370406663401,0.0,0.05728404099560761,0.11510766297578812,0.09365015476942062,,0.10758659243583679,0.9171708616708418
lexical-n60-d10-c60-ms5-leaf,lexical,60,10,0.0,60,5,leaf,42,24,0.4058468071206925,0.05846807120692471,0.047553600879604176,0.1520065970313359,-0.04401310533285141,-0.05169389769434929,,0.10449248552322388,0.8791380840049725
lexical-n60-d10-c100-ms3-eom,lexical,60,10,0.0,100,3,eom,42,4,0.04850563449289564,0.5884370406663401,0.0,0.05132166151733608,0.09574789553880692,0.08092345297336578,,0.1280735433101654,0.9374470954646043
lexical-n60-d10-c100-ms3-leaf,lexical,60,10,0.0,100,3,leaf,42,18,0.40356034623550546,0.0674505961130165,0.039978094194961664,0.13116100766703176,-0.03520318865776062,-0.0352153517305851,,0.0936562567949295,0.9068402404029428
lexical-n60-d10-c100-ms5-eom,lexical,60,10,0.0,100,5,eom,42,7,0.17589416952474277,0.4380205781479667,0.0,0.06064209274673008,0.03917492553591728,0.039525166153907776,,0.06926138699054718,0.9245125112818932
lexical-n60-d10-c100-ms5-leaf,lexical,60,10,0.0,100,5,leaf,42,16,0.38918830638575863,0.08214927323207578,0.0,0.10668449197860963,-0.024531710892915726,-0.023387160152196884,,0.0978458896279335,0.8614360143461778
