candidate,neighbors,dimensions,cluster_min_dist,min_cluster_size,min_samples,selection_method,seed,cluster_count,noise_share,largest_cluster_share,employer_majority_share,weighted_top_employer_share,embedding_silhouette,umap_silhouette,mean_probability,exploratory_score
n60-d15-md0.0-s42-c20-ms3-leaf,60,15,0.0,20,3,leaf,42,84,0.48015678588926997,0.021068103870651642,0.43669494187873076,0.5274897895067546,0.11845961958169937,0.5759262442588806,0.8616960463319788,-0.10162570940221705
n60-d15-md0.1-s42-c20-ms3-leaf,60,15,0.1,20,3,leaf,42,70,0.5138004246284501,0.019434917524089497,0.4521330198186093,0.5280483708431307,0.12845653295516968,0.5313461422920227,0.8695552043005812,-0.10322100616820148
n60-d15-md0.1-s42-c100-ms5-leaf,60,15,0.1,100,5,leaf,42,9,0.5910501388208395,0.11399640699003756,0.11381789137380191,0.18210862619808307,0.1417737752199173,0.5213672518730164,0.8876686078457448,-0.1096121536274236
n30-d15-md0.1-s42-c100-ms10-leaf,30,15,0.1,100,10,leaf,42,11,0.6852849910174751,0.06810387065164135,0.13648157758173327,0.2361183186299948,0.1494443565607071,0.5112118721008301,0.9681151341471024,-0.1106653127076161
n60-d15-md0.0-s42-c100-ms10-leaf,60,15,0.0,100,10,leaf,42,9,0.5360117589416953,0.12069247101094235,0.09961281239000352,0.171770503343893,0.12506414949893951,0.5480366349220276,0.8705198982260735,-0.11102753554754077
n30-d15-md0.1-s42-c100-ms3-leaf,30,15,0.1,100,3,leaf,42,13,0.6501714845663891,0.09227502858076106,0.16993464052287582,0.26330532212885155,0.15309464931488037,0.5136760473251343,0.9607569186115141,-0.11358450642384826
n60-d15-md0.1-s42-c100-ms10-leaf,60,15,0.1,100,10,leaf,42,9,0.5703086722195002,0.11236322064347543,0.10376282782212087,0.18091980235651844,0.126199409365654,0.5099099278450012,0.902888822223559,-0.1166392267952519
n30-d5-md0.0-s42-c30-ms5-eom,30,5,0.0,30,5,eom,42,46,0.3945778213294137,0.03674669279764821,0.3037496628001079,0.3730779606150526,0.06538134813308716,0.5428754687309265,0.8060318796988083,-0.11692779408457724
n60-d15-md0.0-s42-c100-ms5-leaf,60,15,0.0,100,5,leaf,42,11,0.530458925363384,0.13081822635962764,0.096,0.1711304347826087,0.12087663263082504,0.5308910608291626,0.8746160966792573,-0.11807015815800398
n60-d15-md0.1-s42-c30-ms20-leaf,60,15,0.1,30,20,leaf,42,33,0.6498448472970766,0.024987751102400785,0.3969216417910448,0.48973880597014924,0.14847064018249512,0.6257556080818176,0.8811053380547732,-0.11851493582648495
n60-d15-md0.0-s42-c20-ms5-leaf,60,15,0.0,20,5,leaf,42,71,0.5043279438183896,0.024987751102400785,0.45107084019769356,0.5238879736408567,0.11241165548563004,0.5831795930862427,0.8363586830086739,-0.11904122924074127
n30-d5-md0.1-s42-c100-ms10-leaf,30,5,0.1,100,10,leaf,42,9,0.6256736893679569,0.10272742119875877,0.16753926701570682,0.23167539267015708,0.14494821429252625,0.5818994045257568,0.911158145022783,-0.11924849316959621
n30-d5-md0.0-s42-c60-ms3-leaf,30,5,0.0,60,3,leaf,42,27,0.5136371059937939,0.033806957373836356,0.22968435191403627,0.32404298186702485,0.08548057079315186,0.5641120076179504,0.9016983739727749,-0.11996669247900991
n60-d5-md0.0-s42-c100-ms10-leaf,60,5,0.0,100,10,leaf,42,11,0.533561979421852,0.11726277968316184,0.09803921568627451,0.18347338935574228,0.11331077665090561,0.5445816516876221,0.8656686573589585,-0.1200950893701721
n30-d15-md0.05-s42-c60-ms20-leaf,30,15,0.05,60,20,leaf,42,20,0.6537644945288258,0.03903315368283521,0.23867924528301887,0.3608490566037736,0.13018658757209778,0.6054085493087769,0.9270048249139116,-0.1212612244204204
n30-d15-md0.0-s42-c100-ms10-leaf,30,15,0.0,100,10,leaf,42,12,0.6336763024661114,0.07284011105667157,0.11769950958537673,0.21578243423985732,0.12251701951026917,0.5133659839630127,0.9635257503200859,-0.12166085319570655
n30-d5-md0.0-s42-c60-ms5-leaf,30,5,0.0,60,5,leaf,42,25,0.47901355544667645,0.0468724481463335,0.19278996865203762,0.30438871473354234,0.07388468831777573,0.5222375988960266,0.8742742217047027,-0.1221740976871996
n30-d15-md0.05-s42-c100-ms3-leaf,30,15,0.05,100,3,leaf,42,12,0.6465784746039523,0.08574228319451249,0.1645101663585952,0.2541589648798521,0.13892367482185364,0.5040919184684753,0.9580812395690348,-0.12259753411037758
n60-d15-md0.1-s42-c20-ms3-eom,60,15,0.1,20,3,eom,42,63,0.4360607545320921,0.032173771027274214,0.4132638285548798,0.46539241239501883,0.08617126941680908,0.4856071174144745,0.8770344842360606,-0.12272341673968762
n60-d5-md0.0-s42-c20-ms3-eom,60,5,0.0,20,3,eom,42,65,0.4394904458598726,0.03168381512330557,0.44726107226107226,0.4804778554778555,0.09011399000883102,0.5682322382926941,0.8025101216635464,-0.12466421214994437
n60-d5-md0.0-s42-c30-ms3-eom,60,5,0.0,30,3,eom,42,48,0.44683978441940225,0.034623550547117424,0.37614408030705637,0.41747859462651316,0.08302067220211029,0.5611557364463806,0.8305568451646539,-0.12476465044332752
n60-d15-md0.0-s42-c20-ms10-leaf,60,15,0.0,20,10,leaf,42,62,0.5379715825575698,0.026130981544994283,0.49982325910215625,0.5478967833156593,0.12460965663194656,0.6262992024421692,0.8330668241751252,-0.12482079777314495
n60-d5-md0.0-s42-c20-ms20-leaf,60,5,0.0,20,20,leaf,42,54,0.6015025314388371,0.018618324350808426,0.5561475409836065,0.580327868852459,0.14818058907985687,0.7095162868499756,0.8301960400212249,-0.12500146367473947
n30-d15-md0.05-s42-c100-ms5-leaf,30,15,0.05,100,5,leaf,42,12,0.6150579781153029,0.08623223909848114,0.15528213831141283,0.23207467119219347,0.1258411407470703,0.4623633623123169,0.9478317525399498,-0.12508469298347305
n30-d15-md0.0-s42-c60-ms20-leaf,30,15,0.0,60,20,leaf,42,19,0.6444553323534216,0.041972889106647066,0.2338079926504364,0.3536977491961415,0.12361966818571091,0.6292577385902405,0.9152387013126403,-0.12577457497120453
n60-d5-md0.1-s42-c100-ms5-leaf,60,5,0.1,100,5,leaf,42,10,0.5706353094888127,0.10436060754532092,0.1106884747052111,0.20768352985926208,0.1137753427028656,0.5077987313270569,0.8976047535034503,-0.12619882512222033
n30-d15-md0.05-s42-c60-ms10-leaf,30,15,0.05,60,10,leaf,42,22,0.6000326637269312,0.040666340029397355,0.21641486320947326,0.34381380155165375,0.10634446144104004,0.5391095876693726,0.919807392855625,-0.12646073717315898
n30-d15-md0.1-s42-c20-ms5-eom,30,15,0.1,20,5,eom,42,65,0.44553323534215256,0.02939735423811857,0.4459499263622975,0.4936671575846834,0.08868046849966049,0.5723277926445007,0.8704514799322495,-0.12657066817638918
n30-d15-md0.0-s42-c100-ms3-leaf,30,15,0.0,100,3,leaf,42,13,0.5972562469377756,0.10223746529479014,0.14517437145174372,0.22871046228710462,0.12516166269779205,0.47914010286331177,0.9476767302032104,-0.12691009974869724
n10-d5-md0.1-s42-c60-ms20-leaf,10,5,0.1,60,20,leaf,42,20,0.645598562796015,0.04082965866405357,0.25944700460829495,0.3649769585253456,0.12599629163742065,0.6038572192192078,0.9049357510667918,-0.12701515722465487
n60-d15-md0.1-s42-c30-ms3-leaf,60,15,0.1,30,3,leaf,42,44,0.5057978115302956,0.03674669279764821,0.3707865168539326,0.43225380039656314,0.09865403920412064,0.4773663878440857,0.8770796207660062,-0.127076628181882
n60-d15-md0.1-s42-c100-ms3-leaf,60,15,0.1,100,3,leaf,42,12,0.5979095214764004,0.1121999020088192,0.119821283509342,0.20227457351746547,0.12601511180400848,0.42646265029907227,0.9345064352430416,-0.12743088816972253
n60-d15-md0.1-s42-c20-ms20-leaf,60,15,0.1,20,20,leaf,42,49,0.6018291687081496,0.024987751102400785,0.5024610336341263,0.5512715340442986,0.1408996433019638,0.6447474360466003,0.8502371090707592,-0.1275121379068004
n60-d15-md0.0-s42-c30-ms5-leaf,60,15,0.0,30,5,leaf,42,43,0.5232729054385106,0.033806957373836356,0.35217540253511476,0.4415895854744776,0.09854956716299057,0.5655145645141602,0.8683025941578782,-0.12816209353574798
n60-d15-md0.0-s42-c30-ms20-leaf,60,15,0.0,30,20,leaf,42,36,0.5951331046872448,0.02939735423811857,0.3949173053650666,0.47438483259378783,0.12421291321516037,0.6651502847671509,0.8664626224700632,-0.12826329111483234
n30-d5-md0.0-s42-c60-ms20-leaf,30,5,0.0,60,20,leaf,42,22,0.5872938102237465,0.057814796668299855,0.22912544519192718,0.3411159477641472,0.11111848056316376,0.5943920612335205,0.9070704355242002,-0.1283458776168992
n60-d15-md0.0-s42-c100-ms3-leaf,60,15,0.0,100,3,leaf,42,11,0.5887636779356524,0.12314225053078556,0.11278792692613185,0.19301032565528198,0.12674610316753387,0.47603639960289,0.9111341006011074,-0.1283723145174744
n60-d15-md0.1-s42-c100-ms20-leaf,60,15,0.1,100,20,leaf,42,8,0.6086885513637106,0.11056671566225706,0.05133555926544241,0.19282136894824708,0.11632208526134491,0.531494677066803,0.9056131655745048,-0.12926817186871314
n60-d5-md0.0-s42-c20-ms10-leaf,60,5,0.0,20,10,leaf,42,63,0.5322554303446023,0.02564102564102564,0.5289804469273743,0.5450418994413407,0.1219385638833046,0.6415700316429138,0.8148378562316736,-0.12990564507969504
n10-d15-md0.1-s42-c60-ms20-leaf,10,15,0.1,60,20,leaf,42,20,0.6305732484076433,0.03968642822146007,0.2572944297082228,0.3563218390804598,0.11748801916837692,0.5945534110069275,0.913788866990649,-0.13012133392087952
n30-d15-md0.05-s42-c20-ms5-eom,30,15,0.05,20,5,eom,42,69,0.4094398170831292,0.02792748652621264,0.41067477876106195,0.4646017699115044,0.06820274144411087,0.5612154006958008,0.8584275900470547,-0.13019416375809348
n30-d5-md0.1-s42-c60-ms3-leaf,30,5,0.1,60,3,leaf,42,24,0.5469541074636616,0.0354401437203985,0.20187454938716654,0.32768565248738285,0.08184508234262466,0.4743676781654358,0.8980283861145165,-0.13024240416474803
n60-d15-md0.0-s42-c20-ms10-eom,60,15,0.0,20,10,eom,42,56,0.4808100604278948,0.036093418259023353,0.4397609311104121,0.49355143126769424,0.09788820147514343,0.6063498258590698,0.8449167808827241,-0.13036566544929848
n60-d15-md0.1-s42-c60-ms3-leaf,60,15,0.1,60,3,leaf,42,24,0.557896455985628,0.03837987914421036,0.24972294052456595,0.3361654968599926,0.09359142929315567,0.45809221267700195,0.9192276995485188,-0.13042588815332282
n30-d5-md0.0-s42-c60-ms10-leaf,30,5,0.0,60,10,leaf,42,23,0.5415645925200065,0.04409603135717785,0.23940149625935161,0.32597078731742074,0.08932114392518997,0.5696656107902527,0.8926661554288791,-0.13110647394830366
n60-d15-md0.0-s42-c30-ms10-leaf,60,15,0.0,30,10,leaf,42,40,0.5294790135554467,0.030377266046055854,0.3533495314127039,0.43040610898993403,0.09590963274240494,0.5899611115455627,0.8498786150347195,-0.13112513405916257
n30-d15-md0.0-s42-c100-ms5-leaf,30,15,0.0,100,5,leaf,42,12,0.6070553650171484,0.10452392617997713,0.15045719035743974,0.23025768911055694,0.1256100833415985,0.5010889768600464,0.943727235605359,-0.13133706780715054
n30-d15-md0.0-s42-c60-ms3-leaf,30,15,0.0,60,3,leaf,42,25,0.5489139310795361,0.04295280091458435,0.2335264301230992,0.3381607530774801,0.08954013884067535,0.5391339063644409,0.9175409678260389,-0.13163940545894254
n30-d5-md0.1-s42-c30-ms3-eom,30,5,0.1,30,3,eom,42,45,0.425281724644782,0.0354401437203985,0.28104575163398693,0.3853367433930094,0.05579196661710739,0.4661107361316681,0.8437280258773588,-0.13166948538162448
n60-d5-md0.0-s42-c30-ms3-leaf,60,5,0.0,30,3,leaf,42,50,0.4750939082149273,0.034623550547117424,0.4209707529558183,0.4446172993154947,0.09103377163410187,0.5635400414466858,0.8411188506176263,-0.13195178904730775
n30-d15-md0.1-s42-c60-ms20-leaf,30,15,0.1,60,20,leaf,42,18,0.6687898089171974,0.06777723338232892,0.2504930966469428,0.3525641025641026,0.14003051817417145,0.606715738773346,0.9272192110912186,-0.13206900568919366
n60-d5-md0.0-s42-c100-ms3-leaf,60,5,0.0,100,3,leaf,42,12,0.5721051772007186,0.09456148946594807,0.10343511450381679,0.19389312977099238,0.1022326797246933,0.4322779178619385,0.9337745564537355,-0.13219488534406884
n60-d15-md0.1-s42-c20-ms5-eom,60,15,0.1,20,5,eom,42,60,0.4964886493548914,0.02792748652621264,0.43496594226402857,0.50373013298735,0.09586770087480545,0.5315271615982056,0.867563973082704,-0.13228752853437256
n30-d5-md0.0-s42-c30-ms5-leaf,30,5,0.0,30,5,leaf,42,48,0.43116119549240567,0.03674669279764821,0.347114556416882,0.40195233993683605,0.06749752908945084,0.5384631156921387,0.8164943985960289,-0.13229135941962727
n60-d15-md0.0-s42-c60-ms20-leaf,60,15,0.0,60,20,leaf,42,20,0.6008492569002123,0.06794055201698514,0.2569558101472995,0.36824877250409166,0.11915571987628937,0.5835577249526978,0.9143639947221212,-0.1336127047243618
n30-d5-md0.1-s42-c20-ms5-eom,30,5,0.1,20,5,eom,42,66,0.45794545157602484,0.030050628776743426,0.42844230189816207,0.48779752937631815,0.0830128937959671,0.5533369183540344,0.8535795320621069,-0.13366240134993634
n60-d5-md0.1-s42-c20-ms20-leaf,60,5,0.1,20,20,leaf,42,50,0.6130981544994284,0.02564102564102564,0.49345715491768677,0.5593077247783875,0.13707666099071503,0.665714681148529,0.8393084163253264,-0.13369187141727934
n60-d15-md0.1-s42-c20-ms10-leaf,60,15,0.1,20,10,leaf,42,57,0.5500571615221297,0.028907398334149927,0.4863883847549909,0.5368421052631579,0.11832114309072495,0.5713226795196533,0.8341731131838737,-0.13410796224623756
n60-d15-md0.0-s42-c20-ms20-leaf,60,15,0.0,20,20,leaf,42,50,0.5453209211170995,0.02939735423811857,0.44576149425287354,0.5118534482758621,0.11080189794301987,0.6771323680877686,0.820696762890059,-0.1343572796491003
n60-d5-md0.1-s42-c100-ms20-leaf,60,5,0.1,100,20,leaf,42,8,0.6124448799608035,0.10942348521966357,0.051833122629582805,0.19047619047619047,0.1112634688615799,0.5393707752227783,0.8962980722113001,-0.13495670613093036
n30-d15-md0.1-s42-c60-ms10-leaf,30,15,0.1,60,10,leaf,42,18,0.6147313408459906,0.06810387065164135,0.22043238660449344,0.32089868588384907,0.11644099652767181,0.5419632792472839,0.9148109009983831,-0.13509519904262005
n30-d5-md0.1-s42-c60-ms5-leaf,30,5,0.1,60,5,leaf,42,23,0.6065654091131798,0.035276825085742286,0.24616023246160232,0.3586550435865504,0.10118237137794495,0.5584038496017456,0.9074953972479851,-0.13534969876812047
n30-d5-md0.0-s42-c30-ms3-leaf,30,5,0.0,30,3,leaf,42,50,0.44814633349665195,0.0285807610648375,0.3941994672980172,0.4240899674459899,0.07221191376447678,0.5526217818260193,0.8229331788237019,-0.13565228691164014
n60-d15-md0.1-s42-c60-ms10-leaf,60,15,0.1,60,10,leaf,42,22,0.6219173607708639,0.036256736893679566,0.27688984881209505,0.39481641468682505,0.11050429195165634,0.5286595821380615,0.9256502443741574,-0.13573276204825685
n60-d5-md0.1-s42-c30-ms20-leaf,60,5,0.1,30,20,leaf,42,33,0.6482116609505144,0.02564102564102564,0.40018570102135564,0.48235840297121635,0.1315201371908188,0.6279283761978149,0.8697306121726205,-0.1357917290680517
n30-d15-md0.05-s42-c60-ms3-leaf,30,15,0.05,60,3,leaf,42,26,0.557896455985628,0.03446023191246121,0.21610639083856667,0.3280384189139269,0.08119255304336548,0.5153453350067139,0.9241670292784347,-0.13582245833433854
n60-d15-md0.0-s42-c60-ms3-leaf,60,15,0.0,60,3,leaf,42,22,0.5510370733300669,0.059447983014861996,0.23717715532921063,0.3233903237540924,0.09406262636184692,0.5271442532539368,0.9068570229450592,-0.13654906044398574
n60-d5-md0.0-s42-c20-ms3-leaf,60,5,0.0,20,3,leaf,42,69,0.46839784419402253,0.024171157929119714,0.5062980030721966,0.5084485407066052,0.09183169156312943,0.5679031610488892,0.7983107178774506,-0.13671794112046667
n60-d5-md0.1-s42-c100-ms3-leaf,60,5,0.1,100,3,leaf,42,11,0.5704719908541565,0.1063204311611955,0.10608365019011406,0.19277566539923954,0.10344145447015762,0.39987701177597046,0.9329079030265903,-0.13677290589520416
n60-d15-md0.1-s42-c30-ms10-leaf,60,15,0.1,30,10,leaf,42,38,0.5660623877184386,0.028907398334149927,0.36055701919458033,0.44260444109898384,0.10115891695022583,0.5381464958190918,0.8657408653814955,-0.13719705141156777
n30-d15-md0.05-s42-c100-ms10-leaf,30,15,0.05,100,10,leaf,42,13,0.6374326310632044,0.07267679242201536,0.1662162162162162,0.26576576576576577,0.11507537961006165,0.5138241052627563,0.9706077571729694,-0.13742523835233977
n60-d5-md0.0-s42-c60-ms20-leaf,60,5,0.0,60,20,leaf,42,17,0.5327453862485709,0.10272742119875877,0.1775602936036351,0.30094372596994057,0.10020507872104645,0.6261140704154968,0.8351080882843094,-0.13761629179344947
n60-d5-md0.0-s42-c100-ms20-leaf,60,5,0.0,100,20,leaf,42,9,0.5774946921443737,0.10272742119875877,0.047545419404715884,0.1928875144955547,0.09384846687316895,0.5352439284324646,0.8841921475434411,-0.13789546428022992
n60-d15-md0.1-s42-c20-ms5-leaf,60,15,0.1,20,5,leaf,42,67,0.5330720235178834,0.02645761881430671,0.4837355718782791,0.5393494228751312,0.10759975761175156,0.5426105856895447,0.8600334137566513,-0.13811099463250867
n60-d5-md0.1-s42-c30-ms10-leaf,60,5,0.1,30,10,leaf,42,39,0.5804344275681855,0.02825412379552507,0.36629038536395486,0.4651615414558194,0.10505717247724533,0.5864918828010559,0.8620531144863064,-0.13814377549556608
n30-d15-md0.0-s42-c60-ms5-leaf,30,15,0.0,60,5,leaf,42,26,0.5371549893842887,0.04327943818389678,0.205363443895554,0.3330980945659845,0.07537031173706055,0.5538521409034729,0.9141389650307145,-0.13822042075450758
n60-d5-md0.1-s42-c30-ms3-leaf,60,5,0.1,30,3,leaf,42,46,0.4932222766617671,0.032173771027274214,0.35352884305510796,0.42732839187882693,0.07870769500732422,0.49665361642837524,0.8442883630363912,-0.1383751999631092
n30-d5-md0.0-s42-c20-ms5-eom,30,5,0.0,20,5,eom,42,76,0.37154989384288745,0.028417442430181284,0.4022869022869023,0.4488045738045738,0.047369662672281265,0.5438880324363708,0.7959500077041941,-0.13864706203871097
n10-d5-md0.0-s42-c60-ms20-leaf,10,5,0.0,60,20,leaf,42,24,0.5543034460231913,0.042136207741303285,0.23341883473799926,0.33528765115426895,0.0835031270980835,0.6244503259658813,0.9023118749458304,-0.1388688357902254
n60-d15-md0.1-s42-c60-ms5-leaf,60,15,0.1,60,5,leaf,42,23,0.6256736893679569,0.03233708966193043,0.28534031413612565,0.38263525305410123,0.107386514544487,0.5306009650230408,0.9283754210819661,-0.1392851842172841
n60-d15-md0.1-s42-c30-ms5-leaf,60,15,0.1,30,5,leaf,42,40,0.5606728727747836,0.02792748652621264,0.34721189591078067,0.45092936802973976,0.09448032826185226,0.5049293041229248,0.8757059779071374,-0.13976706122030622
n60-d5-md0.0-s42-c30-ms20-leaf,60,5,0.0,30,20,leaf,42,40,0.6000326637269312,0.029234035603462355,0.439771335238873,0.49326255614536546,0.12077823281288147,0.6586816906929016,0.8779414669411668,-0.13981428439276
n30-d5-md0.0-s42-c100-ms3-leaf,30,5,0.0,100,3,leaf,42,15,0.5631226522946268,0.0847623713865752,0.14093457943925233,0.23401869158878505,0.09240154922008514,0.45824792981147766,0.9491677531382825,-0.14005661907747832
n30-d15-md0.1-s42-c60-ms3-leaf,30,15,0.1,60,3,leaf,42,23,0.5956230605912135,0.03397027600849257,0.2382875605815832,0.34693053311793215,0.09133545309305191,0.5203014016151428,0.9229654927220472,-0.1400797371757959
n30-d5-md0.1-s42-c100-ms3-leaf,30,5,0.1,100,3,leaf,42,13,0.6395557733137351,0.03935979095214764,0.18124150430448574,0.2632532850022655,0.09853415936231613,0.4691254496574402,0.9668747073927588,-0.1401986937535511
n30-d5-md0.0-s42-c100-ms5-leaf,30,5,0.0,100,5,leaf,42,15,0.5819042952800915,0.0468724481463335,0.154296875,0.24609375,0.08071883022785187,0.4788999557495117,0.9518919150355597,-0.1404332136793423
n10-d5-md0.1-s42-c30-ms20-leaf,10,5,0.1,30,20,leaf,42,40,0.5474440633676303,0.03707333006696064,0.337784193431974,0.4211476001443522,0.09225525707006454,0.6151899695396423,0.8750113145907004,-0.14118225598850098
n10-d15-md0.0-s42-c60-ms10-leaf,10,15,0.0,60,10,leaf,42,25,0.5103707333006696,0.036583374162992,0.21581054036024017,0.3165443629086057,0.06255415827035904,0.5582519769668579,0.9163819610516354,-0.14122032985537386
n30-d5-md0.0-s42-c20-ms5-leaf,30,5,0.0,20,5,leaf,42,78,0.3842887473460722,0.028417442430181284,0.4053050397877984,0.45517241379310347,0.04887591674923897,0.5491235256195068,0.7953846542613647,-0.14141518463784308
n60-d5-md0.0-s42-c30-ms10-leaf,60,5,0.0,30,10,leaf,42,46,0.5613261473134085,0.026130981544994283,0.4430379746835443,0.4810126582278481,0.10649466514587402,0.6115728616714478,0.8627730833045306,-0.1414243660231773
n60-d5-md0.0-s42-c20-ms5-leaf,60,5,0.0,20,5,leaf,42,71,0.482443246774457,0.015841907561652786,0.497948879772799,0.5153045124644998,0.08510971069335938,0.5721100568771362,0.8209911676056091,-0.14223654908572397
n60-d15-md0.0-s42-c30-ms3-leaf,60,15,0.0,30,3,leaf,42,45,0.4940388698350482,0.038053241874897926,0.3398967075532602,0.4222078760490639,0.07581283152103424,0.5434171557426453,0.8567901458275383,-0.1424099564999182
n60-d5-md0.1-s42-c30-ms3-eom,60,5,0.1,30,3,eom,42,44,0.45059611301649516,0.035276825085742286,0.3260998810939358,0.40071343638525564,0.05919266492128372,0.46208852529525757,0.8473194364805863,-0.14253956369062631
n10-d15-md0.1-s42-c60-ms10-leaf,10,15,0.1,60,10,leaf,42,22,0.5521803037726605,0.054875061244487995,0.22793581327498177,0.32166301969365424,0.08463692665100098,0.5307067632675171,0.918364202956784,-0.14264506709428842
n60-d5-md0.0-s42-c20-ms5-eom,60,5,0.0,20,5,eom,42,66,0.4336109750122489,0.040339702760084924,0.43137254901960786,0.4688581314878893,0.07137501984834671,0.5613967776298523,0.8225310316832407,-0.1435840063883116
n60-d5-md0.1-s42-c60-ms20-leaf,60,5,0.1,60,20,leaf,42,15,0.5593663236975339,0.10942348521966357,0.13454410674573758,0.27242401779095626,0.09897705167531967,0.5780244469642639,0.8390467634902297,-0.1437262040556329
n60-d5-md0.1-s42-c20-ms10-leaf,60,5,0.1,20,10,leaf,42,59,0.5792911971255921,0.028090805160868856,0.4829192546583851,0.562888198757764,0.11644169688224792,0.6240319609642029,0.8268261502167378,-0.1438289530346219
n10-d5-md0.1-s42-c60-ms10-leaf,10,5,0.1,60,10,leaf,42,22,0.567042299526376,0.04572921770374,0.23161071293851376,0.3296869105997737,0.08385525643825531,0.5413506627082825,0.9045179292041287,-0.14386364921230455
n10-d15-md0.0-s42-c60-ms3-leaf,10,15,0.0,60,3,leaf,42,27,0.4692144373673036,0.04556589906908378,0.1996923076923077,0.30523076923076925,0.04960617423057556,0.5180486440658569,0.9060010184314454,-0.14389495266800356
n60-d5-md0.1-s42-c100-ms10-leaf,60,5,0.1,100,10,leaf,42,9,0.6260003266372693,0.11268985791278785,0.053711790393013104,0.1965065502183406,0.1082000732421875,0.5493794679641724,0.8764334494164542,-0.1440017222643392
n60-d5-md0.1-s42-c20-ms3-leaf,60,5,0.1,20,3,leaf,42,72,0.47738036910011433,0.025477707006369428,0.451875,0.506875,0.0794956311583519,0.5014474987983704,0.842753616419078,-0.1442385830748671
n10-d15-md0.1-s42-c100-ms10-leaf,10,15,0.1,100,10,leaf,42,14,0.6171811203658337,0.054875061244487995,0.20776450511945393,0.2909556313993174,0.09927637130022049,0.5027448534965515,0.9598543197115513,-0.1444801711996917
n60-d15-md0.0-s42-c20-ms5-eom,60,15,0.0,20,5,eom,42,60,0.4099297729870978,0.10534051935325821,0.3802933849986161,0.44256850262939385,0.08777198195457458,0.5522141456604004,0.8639115483718982,-0.14492121736797625
n30-d15-md0.0-s42-c60-ms10-leaf,30,15,0.0,60,10,leaf,42,22,0.6114649681528662,0.04082965866405357,0.2198402690205969,0.3505674653215637,0.090837761759758,0.5897199511528015,0.9138263697555064,-0.1459925983712182
n30-d15-md0.1-s42-c100-ms5-leaf,30,15,0.1,100,5,leaf,42,10,0.5374816266536012,0.13016495182100277,0.1327683615819209,0.1963276836158192,0.10024284571409225,0.49824103713035583,0.870994403754905,-0.14599937242977762
n60-d15-md0.0-s42-c60-ms5-leaf,60,15,0.0,60,5,leaf,42,23,0.6047689041319615,0.033806957373836356,0.2958677685950413,0.3743801652892562,0.09652752429246902,0.5582004189491272,0.9208243620161145,-0.14618679092329379
n30-d5-md0.0-s42-c20-ms3-leaf,30,5,0.0,20,3,leaf,42,87,0.43867385268659154,0.018128368446839783,0.4757055571719523,0.5129473377945883,0.06570348888635635,0.5947614908218384,0.8292629455050124,-0.14631868471883383
n60-d5-md0.1-s42-c60-ms3-leaf,60,5,0.1,60,3,leaf,42,24,0.5415645925200065,0.036093418259023353,0.23548272176701104,0.3405771286070538,0.06929668039083481,0.480617880821228,0.8981978369612309,-0.14654181475973047
n30-d15-md0.1-s42-c20-ms20-leaf,30,15,0.1,20,20,leaf,42,52,0.5887636779356524,0.027600849256900213,0.517077045274027,0.534154090548054,0.12144512683153152,0.6761504411697388,0.8673742284070542,-0.14654595796871836
n60-d15-md0.0-s42-c100-ms20-leaf,60,15,0.0,100,20,leaf,42,9,0.5605095541401274,0.11464968152866242,0.0966183574879227,0.18729096989966554,0.09294551610946655,0.5320966839790344,0.8740932274908844,-0.1470249445200913
n30-d5-md0.1-s42-c30-ms10-leaf,30,5,0.1,30,10,leaf,42,41,0.5606728727747836,0.030377266046055854,0.4308550185873606,0.4617100371747212,0.10083159804344177,0.5940112471580505,0.8798278387760002,-0.1471871496001253
n30-d15-md0.1-s42-c20-ms5-leaf,30,15,0.1,20,5,leaf,42,76,0.48358647721705045,0.024334476563775926,0.5063251106894371,0.5335230866540165,0.08597946912050247,0.5693724155426025,0.8609353336549824,-0.14721247892991618
n60-d5-md0.1-s42-c60-ms5-leaf,60,5,0.1,60,5,leaf,42,23,0.5714519026620938,0.040666340029397355,0.2602896341463415,0.3517530487804878,0.08343368768692017,0.5079978704452515,0.9009736102295562,-0.14737849824835786
n60-d5-md0.1-s42-c60-ms10-leaf,60,5,0.1,60,10,leaf,42,18,0.5613261473134085,0.11268985791278785,0.16083395383469842,0.3034251675353686,0.10127265751361847,0.5437896251678467,0.8458298078456254,-0.14759520871200277
n30-d5-md0.0-s42-c30-ms3-eom,30,5,0.0,30,3,eom,42,46,0.3753062224399804,0.09113179813816756,0.32522875816993463,0.36705882352941177,0.05925042927265167,0.5209110379219055,0.8349674907415597,-0.14769165025391642
n10-d5-md0.0-s42-c100-ms5-leaf,10,5,0.0,100,5,leaf,42,15,0.5507104360607545,0.06941041972889106,0.17193747728098874,0.26208651399491095,0.0780111774802208,0.503900408744812,0.9459609244615115,-0.1476977847945994
n10-d5-md0.0-s42-c60-ms10-leaf,10,5,0.0,60,10,leaf,42,25,0.5057978115302956,0.055201698513800426,0.20092531394580304,0.30832782551222737,0.06151101738214493,0.5625606179237366,0.9024079668813428,-0.14796797242571438
n30-d15-md0.0-s42-c20-ms5-leaf,30,15,0.0,20,5,leaf,42,85,0.46170178017311775,0.016168544830965213,0.4663228155339806,0.5157766990291263,0.06844153255224228,0.6050897240638733,0.8533620831638128,-0.14810169624527272
n30-d15-md0.05-s42-c20-ms20-leaf,30,15,0.05,20,20,leaf,42,54,0.5544667646578475,0.02874407969949371,0.5252932551319648,0.5267595307917888,0.11121576279401779,0.6703916788101196,0.8546887226585058,-0.14829029472287802
n60-d5-md0.1-s42-c20-ms5-leaf,60,5,0.1,20,5,leaf,42,67,0.5234362240731667,0.027437530622243998,0.4845784784098698,0.5277587388622345,0.09513959288597107,0.5312871336936951,0.8356934305859478,-0.1482968114085814
n30-d15-md0.05-s42-c20-ms5-leaf,30,15,0.05,20,5,leaf,42,80,0.46545810877021065,0.018128368446839783,0.4463794683776352,0.5068744271310724,0.06726783514022827,0.5624799132347107,0.8528704199163765,-0.1483907019709001
n30-d5-md0.0-s42-c20-ms3-eom,30,5,0.0,20,3,eom,42,79,0.38494202188469706,0.024661113833088357,0.4551248008497079,0.47344662772172064,0.04752466455101967,0.5579749345779419,0.8295708578878488,-0.1485572190583898
n30-d15-md0.05-s42-c30-ms20-leaf,30,15,0.05,30,20,leaf,42,38,0.5846807120692471,0.02874407969949371,0.42351553283523397,0.46047974832874555,0.10468553006649017,0.6428661942481995,0.8799063242386447,-0.1486180533293159
n60-d5-md0.0-s42-c30-ms5-leaf,60,5,0.0,30,5,leaf,42,47,0.5002449779519843,0.040339702760084924,0.43300653594771243,0.4444444444444444,0.08623567968606949,0.5633734464645386,0.8431200304957256,-0.1489586454717251
n30-d5-md0.1-s42-c30-ms20-leaf,30,5,0.1,30,20,leaf,42,36,0.622733953944145,0.025804344275681856,0.4238095238095238,0.48008658008658006,0.11424486339092255,0.6476095914840698,0.8832514784424295,-0.14904892350159044
n30-d5-md0.1-s42-c20-ms20-leaf,30,5,0.1,20,20,leaf,42,55,0.619630899885677,0.021231422505307854,0.566337483898669,0.579647917561185,0.13238856196403503,0.6943507194519043,0.8686409265533974,-0.14906704183912234
n10-d5-md0.0-s42-c60-ms3-leaf,10,5,0.0,60,3,leaf,42,26,0.4966519679895476,0.03723664870161685,0.20019467878001299,0.30791693705386114,0.04841876029968262,0.5523951649665833,0.8963332335823124,-0.14922435626499203
n60-d5-md0.0-s42-c60-ms3-leaf,60,5,0.0,60,3,leaf,42,26,0.5454842397517556,0.04589253633839621,0.26302551203736974,0.3539346029464607,0.07674827426671982,0.5559396147727966,0.9057714627406546,-0.14929709263361043
n10-d5-md0.0-s42-c100-ms3-leaf,10,5,0.0,100,3,leaf,42,15,0.531275518536665,0.07022701290217213,0.164808362369338,0.24703832752613242,0.0697258785367012,0.4944053292274475,0.9183744555373093,-0.14949153783078506
n60-d15-md0.1-s42-c20-ms10-eom,60,15,0.1,20,10,eom,42,50,0.45925200065327454,0.09096847950351135,0.39263062518876474,0.4485049833887043,0.09255197644233704,0.5449672341346741,0.8589423529733425,-0.1496024572837157
n60-d15-md0.0-s42-c30-ms10-eom,60,15,0.0,30,10,eom,42,37,0.47885023681202027,0.07790298873101421,0.3212159197743654,0.3983077405202131,0.08095856755971909,0.5634209513664246,0.8693787330445479,-0.14983038581554892
n60-d15-md0.1-s42-c20-ms20-eom,60,15,0.1,20,20,eom,42,41,0.4896292666993304,0.09537808263922913,0.36864,0.43424,0.09987187385559082,0.5274209380149841,0.8841182322401527,-0.15000194747382287
n30-d15-md0.0-s42-c30-ms3-leaf,30,15,0.0,30,3,leaf,42,53,0.48113669769720724,0.028907398334149927,0.4126534466477809,0.4542020774315392,0.07059913873672485,0.5700148940086365,0.8518349128541705,-0.1500935867366794
n30-d15-md0.1-s42-c30-ms20-leaf,30,15,0.1,30,20,leaf,42,36,0.6152212967499592,0.027600849256900213,0.398981324278438,0.46222410865874364,0.10794676840305328,0.6445362567901611,0.889238814429018,-0.1502672438921503
n10-d5-md0.0-s42-c100-ms20-leaf,10,5,0.0,100,20,leaf,42,14,0.6578474603952311,0.042136207741303285,0.18806682577565634,0.29594272076372313,0.09616550803184509,0.5881994366645813,0.9685751248564018,-0.15046685782372432
n60-d5-md0.0-s42-c30-ms20-eom,60,5,0.0,30,20,eom,42,37,0.5164135227829495,0.0720235178833905,0.34008780817291456,0.4160756501182033,0.09131170064210892,0.604896068572998,0.8573437464483965,-0.15063728636040835
n10-d15-md0.0-s42-c100-ms20-leaf,10,15,0.0,100,20,leaf,42,14,0.5933365997060265,0.07643312101910828,0.20883534136546184,0.28032128514056226,0.09689588099718094,0.5438472032546997,0.9439306708634433,-0.1506469606290004
n60-d5-md0.1-s42-c30-ms5-eom,60,5,0.1,30,5,eom,42,42,0.4935489139310795,0.03756328597092928,0.34279264753305383,0.4195420831989681,0.06755105406045914,0.49709248542785645,0.8520029513391532,-0.1507141602342874
n30-d15-md0.05-s42-c30-ms3-leaf,30,15,0.05,30,3,leaf,42,52,0.48685284991017475,0.028090805160868856,0.3870146403564608,0.44080203691915976,0.06742776930332184,0.538040280342102,0.8749174319935507,-0.15072568430363414
n60-d15-md0.0-s42-c60-ms10-leaf,60,15,0.0,60,10,leaf,42,22,0.610485056344929,0.036093418259023353,0.2989517819706499,0.3836477987421384,0.09515129774808884,0.5724267959594727,0.9079021560691061,-0.15088369558049902
n30-d5-md0.1-s42-c30-ms5-eom,30,5,0.1,30,5,eom,42,39,0.4804834231585824,0.07512657194185857,0.3137378182961333,0.3954731216598554,0.07787034660577774,0.5261542797088623,0.8889205916096421,-0.15089863905714626
n10-d15-md0.0-s42-c60-ms5-leaf,10,15,0.0,60,5,leaf,42,26,0.48146333496651966,0.05079209537808264,0.2047244094488189,0.3048818897637795,0.0495501309633255,0.5376490354537964,0.9038585785522337,-0.15099357863299454
n60-d5-md0.1-s42-c30-ms5-leaf,60,5,0.1,30,5,leaf,42,44,0.5283357831128532,0.034296913277805,0.389196675900277,0.44182825484764543,0.08296991139650345,0.5134695768356323,0.8670444684690523,-0.15105878156129657
n30-d15-md0.05-s42-c20-ms10-eom,30,15,0.05,20,10,eom,42,56,0.42087212150906417,0.1040339702760085,0.39029892836999436,0.4455724760293288,0.08563694357872009,0.5937002897262573,0.8767874539401846,-0.15118651726750254
n30-d5-md0.0-s42-c20-ms20-leaf,30,5,0.0,20,20,leaf,42,59,0.5417279111546628,0.021884697043932713,0.5146115466856735,0.5345687811831789,0.09920992702245712,0.696235716342926,0.8259090986518568,-0.15144252684875908
n60-d5-md0.0-s42-c30-ms5-eom,60,5,0.0,30,5,eom,42,43,0.445859872611465,0.040339702760084924,0.36752136752136755,0.4087827880931329,0.057242076843976974,0.5425222516059875,0.8370255795846251,-0.1518139414477101
n10-d15-md0.0-s42-c100-ms10-leaf,10,15,0.0,100,10,leaf,42,16,0.5484239751755675,0.06843050792095379,0.18155515370705244,0.26184448462929477,0.07411251217126846,0.49695977568626404,0.9474454531123491,-0.15186320739793654
n30-d15-md0.05-s42-c20-ms10-leaf,30,15,0.05,20,10,leaf,42,68,0.5249060917850726,0.02286460885187,0.4767961498796837,0.5376418013062908,0.08850614726543427,0.6348099112510681,0.8599103014015483,-0.15191740717797508
n30-d15-md0.0-s42-c20-ms3-leaf,30,15,0.0,20,3,leaf,42,91,0.4337742936469051,0.01633186346562143,0.47187770406691665,0.5090856648399192,0.05679509788751602,0.5663402676582336,0.8580060326000222,-0.15228477754940373
n10-d5-md0.0-s42-c60-ms3-eom,10,5,0.0,60,3,eom,42,24,0.4463498285154336,0.08100604278948229,0.18200589970501474,0.2734513274336283,0.04897574707865715,0.5069698095321655,0.9029571942988954,-0.15273310782646626
n30-d5-md0.1-s42-c60-ms10-leaf,30,5,0.1,60,10,leaf,42,18,0.6243671402907072,0.06598072840111056,0.23652173913043478,0.33260869565217394,0.10250411927700043,0.5368653535842896,0.8960238508359283,-0.1532746478803322
n30-d15-md0.1-s42-c30-ms5-leaf,30,15,0.1,30,5,leaf,42,48,0.519026620937449,0.02939735423811857,0.40135823429541595,0.44991511035653653,0.07732689380645752,0.5508477091789246,0.8944672188447188,-0.15328350473814883
n30-d5-md0.0-s42-c30-ms10-leaf,30,5,0.0,30,10,leaf,42,44,0.4762371386575208,0.04409603135717785,0.40380417835983784,0.41814780168381666,0.07194007933139801,0.5939520597457886,0.8357240591701958,-0.15354970469842283
n30-d15-md0.1-s42-c20-ms3-leaf,30,15,0.1,20,3,leaf,42,85,0.46823452555936634,0.018944961620120857,0.4533169533169533,0.5264127764127764,0.06415775418281555,0.5163618922233582,0.8650558861574079,-0.15378262729259778
n60-d5-md0.0-s42-c20-ms20-eom,60,5,0.0,20,20,eom,42,46,0.4734607218683652,0.10272742119875877,0.38430521091811415,0.4432382133995037,0.09699738025665283,0.6208558678627014,0.8555906839463925,-0.15405032854095324
n30-d5-md0.0-s42-c30-ms20-leaf,30,5,0.0,30,20,leaf,42,42,0.5407479993467255,0.02907071696880614,0.42318634423897583,0.4623044096728307,0.08598266541957855,0.6510968804359436,0.8600431364917505,-0.15425504450468852
n30-d15-md0.05-s42-c20-ms20-eom,30,15,0.05,20,20,eom,42,47,0.4749305895802711,0.09815449942838478,0.42581648522550547,0.4510108864696734,0.10101450979709625,0.6264665722846985,0.8868263657632063,-0.15441438957500328
n30-d5-md0.1-s42-c30-ms3-leaf,30,5,0.1,30,3,leaf,42,49,0.4659480646741793,0.0354401437203985,0.3232415902140673,0.41804281345565747,0.051572807133197784,0.484749436378479,0.8463965924328721,-0.15441792266136534
n10-d15-md0.1-s42-c30-ms20-leaf,10,15,0.1,30,20,leaf,42,38,0.5631226522946268,0.030867221950024497,0.35439252336448596,0.4216822429906542,0.0828004777431488,0.6234444975852966,0.8763192713422608,-0.15472880742492434
n10-d5-md0.0-s42-c100-ms10-leaf,10,5,0.0,100,10,leaf,42,14,0.6098317818063042,0.055201698513800426,0.1527835914608623,0.2649644202595228,0.07867619395256042,0.5159561634063721,0.9588542080958672,-0.1547917285653604
n30-d15-md0.05-s42-c20-ms3-leaf,30,15,0.05,20,3,leaf,42,83,0.4471664216887147,0.019598236158745713,0.4431314623338257,0.5057607090103398,0.05530624836683273,0.5334611535072327,0.8497761756232423,-0.15511251556922837
n60-d5-md0.0-s42-c100-ms5-leaf,60,5,0.0,100,5,leaf,42,12,0.5863138984158093,0.09586803854319778,0.12554283458349783,0.21081721279115673,0.08728251606225967,0.460369735956192,0.9142318930920852,-0.15537709792160664
n30-d15-md0.05-s42-c100-ms20-leaf,30,15,0.05,100,20,leaf,42,10,0.6183243508084273,0.10697370569982034,0.10783055198973042,0.20667522464698332,0.09971162676811218,0.5627956986427307,0.9080963967564096,-0.15544711412278575
n10-d5-md0.0-s42-c60-ms5-leaf,10,5,0.0,60,5,leaf,42,26,0.5057978115302956,0.036093418259023353,0.2038995373430271,0.317911434236616,0.04459315910935402,0.5509300231933594,0.8951704624946852,-0.15577782408070037
n10-d5-md0.1-s42-c60-ms3-leaf,10,5,0.1,60,3,leaf,42,25,0.557896455985628,0.035276825085742286,0.22940524565940154,0.3302548947173993,0.06271088868379593,0.5103491544723511,0.916051685351052,-0.15670724750367385
n30-d5-md0.1-s42-c100-ms20-leaf,30,5,0.1,100,20,leaf,42,9,0.5933365997060265,0.10256410256410256,0.1429718875502008,0.22329317269076304,0.093828484416008,0.4956839084625244,0.9027645903509603,-0.15690032991038136
n10-d5-md0.0-s42-c20-ms3-leaf,10,5,0.0,20,3,leaf,42,107,0.3527682508574228,0.017475093908214927,0.42745394902851375,0.4675750693918748,0.021618690341711044,0.5898434519767761,0.8526081063003429,-0.1570674242239003
n30-d15-md0.0-s42-c30-ms5-leaf,30,15,0.0,30,5,leaf,42,53,0.4821166095051445,0.033806957373836356,0.3945127719962157,0.44623147272153896,0.06359919905662537,0.5701348185539246,0.8623134780584736,-0.1571161782812685
n60-d15-md0.0-s42-c20-ms20-eom,60,15,0.0,20,20,eom,42,45,0.4648048342315858,0.10550383798791442,0.3729020445529448,0.44003661885871226,0.09033510088920593,0.6269425749778748,0.8494087546828845,-0.15779357505716873
n10-d5-md0.1-s42-c60-ms5-leaf,10,5,0.1,60,5,leaf,42,22,0.5598562796015025,0.060264576188143064,0.20630797773654916,0.3213358070500928,0.0709611028432846,0.5065815448760986,0.9019623797575437,-0.15807426579172004
n60-d5-md0.0-s42-c60-ms5-leaf,60,5,0.0,60,5,leaf,42,24,0.5458108770210681,0.040339702760084924,0.2790363178712693,0.3541891405969076,0.0675484910607338,0.5409709215164185,0.8796406304228136,-0.15822007110631947
n60-d5-md0.0-s42-c20-ms10-eom,60,5,0.0,20,10,eom,42,54,0.42087212150906417,0.10256410256410256,0.3925549915397631,0.4433164128595601,0.0780809074640274,0.5754585862159729,0.8492225102177273,-0.15834602900170758
n30-d5-md0.1-s42-c20-ms3-eom,30,5,0.1,20,3,eom,42,73,0.3991507430997877,0.034296913277805,0.3824408806740962,0.4563740146779016,0.035862457007169724,0.47402483224868774,0.8344517091430165,-0.1583973546627835
n60-d15-md0.0-s42-c30-ms20-eom,60,15,0.0,30,20,eom,42,33,0.5064510860689204,0.10550383798791442,0.3269358041032429,0.4017207147584381,0.09523621201515198,0.6181923151016235,0.8712943090991325,-0.15849140341496779
n30-d5-md0.1-s42-c30-ms5-leaf,30,5,0.1,30,5,leaf,42,43,0.5306222439980401,0.035276825085742286,0.36882393876130826,0.4318023660403619,0.07344523072242737,0.529197633266449,0.8703877471276751,-0.15870344583405205
n30-d5-md0.1-s42-c20-ms5-leaf,30,5,0.1,20,5,leaf,42,75,0.5126571941858566,0.016005226196308998,0.4765415549597855,0.5361930294906166,0.07406353950500488,0.5814058184623718,0.8495200199691298,-0.15921746509287443
n30-d15-md0.0-s42-c20-ms10-leaf,30,15,0.0,20,10,leaf,42,74,0.5249060917850726,0.017311775273558712,0.5025782055689241,0.5500171880371262,0.08180278539657593,0.6563031077384949,0.8529764156075222,-0.1597116606110638
n30-d15-md0.0-s42-c30-ms20-leaf,30,15,0.0,30,20,leaf,42,39,0.5864772170504654,0.03233708966193043,0.4423380726698262,0.4822274881516588,0.0985042005777359,0.6704312562942505,0.8800676796410438,-0.15995822026884285
n30-d15-md0.05-s42-c30-ms10-eom,30,15,0.05,30,10,eom,42,36,0.446676465784746,0.1040339702760085,0.29014167650531286,0.3627508854781582,0.06918622553348541,0.5042999386787415,0.907687962987717,-0.16035495081573956
n30-d15-md0.1-s42-c20-ms10-leaf,30,15,0.1,20,10,leaf,42,66,0.5378082639229136,0.02368120202515107,0.5526501766784452,0.5607773851590107,0.0956190675497055,0.6337718367576599,0.8532599997024726,-0.1604615391415109
n10-d15-md0.0-s42-c100-ms3-leaf,10,15,0.0,100,3,leaf,42,16,0.510697370569982,0.05454842397517557,0.16722296395193592,0.2520026702269693,0.0448845699429512,0.472467303276062,0.9400657480655475,-0.16068229780842155
n60-d5-md0.1-s42-c20-ms20-eom,60,5,0.1,20,20,eom,42,44,0.5183733463988242,0.09880777396700964,0.38318073923363855,0.4510003390979993,0.10166261345148087,0.5938058495521545,0.8697055748237206,-0.16073038833671696
n10-d15-md0.1-s42-c60-ms3-leaf,10,15,0.1,60,3,leaf,42,28,0.515270292340356,0.0422995263759595,0.27358490566037735,0.3274932614555256,0.05593934282660484,0.4776327908039093,0.9275652719472662,-0.1608292439125383
n10-d5-md0.0-s42-c30-ms3-leaf,10,5,0.0,30,3,leaf,42,66,0.40111056671566225,0.02221133431324514,0.32069811835287704,0.4060539950913553,0.018694862723350525,0.5701126456260681,0.8748709707071972,-0.16084869220090228
n30-d15-md0.0-s42-c30-ms10-eom,30,15,0.0,30,10,eom,42,36,0.43083455822309324,0.10583047525722684,0.2932568149210904,0.3624103299856528,0.0653005912899971,0.5407467484474182,0.9048040713589799,-0.16085353604370783
n30-d15-md0.1-s42-c30-ms10-leaf,30,15,0.1,30,10,leaf,42,40,0.5510370733300669,0.0354401437203985,0.38159330665696617,0.4459803564932703,0.07941232621669769,0.5713282823562622,0.883459449852221,-0.16085786364106655
n10-d5-md0.1-s42-c30-ms10-leaf,10,5,0.1,30,10,leaf,42,45,0.5089008655887637,0.03233708966193043,0.32490854672430997,0.4146990355836382,0.05641237273812294,0.6073216795921326,0.8771372879330591,-0.16116271377811786
n10-d5-md0.0-s42-c30-ms10-leaf,10,5,0.0,30,10,leaf,42,54,0.46839784419402253,0.038869835048178994,0.3216589861751152,0.4110599078341014,0.046831488609313965,0.6211535334587097,0.8732626166616102,-0.16137163009924954
n60-d15-md0.1-s42-c30-ms5-eom,60,15,0.1,30,5,eom,42,37,0.5046545810877021,0.07871958190429527,0.30794592812396965,0.39333992746455654,0.07546791434288025,0.45555031299591064,0.8884145024154454,-0.16148014015417345
n30-d15-md0.05-s42-c30-ms10-leaf,30,15,0.05,30,10,leaf,42,44,0.526702596766291,0.037726604605585495,0.37922705314009664,0.4444444444444444,0.07122796028852463,0.5791438221931458,0.8834869256225399,-0.16253017901516992
n60-d5-md0.1-s42-c30-ms20-eom,60,5,0.1,30,20,eom,42,30,0.5582230932549404,0.09880777396700964,0.3208872458410351,0.3974121996303142,0.10230833292007446,0.5785902738571167,0.8657090213524272,-0.16269556891606773
n30-d15-md0.05-s42-c30-ms5-leaf,30,15,0.05,30,5,leaf,42,51,0.501551527029234,0.02792748652621264,0.39711664482306686,0.4528178243774574,0.061088062822818756,0.5557131767272949,0.8848738998038673,-0.16290863527251775
n30-d5-md0.0-s42-c100-ms20-leaf,30,5,0.0,100,20,leaf,42,10,0.5673689367956883,0.1076269802384452,0.13590033975084936,0.2204605511513779,0.08121974021196365,0.4905856251716614,0.8866942367590112,-0.16318948190859284
n30-d5-md0.1-s42-c20-ms20-eom,30,5,0.1,20,20,eom,42,47,0.4989384288747346,0.10256410256410256,0.3983050847457627,0.4491525423728814,0.09736999124288559,0.6106427907943726,0.8773409231137272,-0.16333935141345046
n30-d15-md0.0-s42-c20-ms20-leaf,30,15,0.0,20,20,leaf,42,57,0.5644292013718766,0.02564102564102564,0.5395575553055868,0.5538057742782152,0.0996452271938324,0.7114750146865845,0.8409467135008616,-0.1634376793340814
n60-d15-md0.0-s42-c30-ms5-eom,60,15,0.0,30,5,eom,42,38,0.45337252980565085,0.10534051935325821,0.30714072303555423,0.3863161039737078,0.07078324258327484,0.5375918745994568,0.894468451743599,-0.16396988449038266
n30-d15-md0.1-s42-c30-ms3-leaf,30,15,0.1,30,3,leaf,42,47,0.507594316511514,0.024171157929119714,0.40497512437810945,0.45538971807628525,0.06077098846435547,0.5253099203109741,0.8816664492173816,-0.164339154110375
n30-d5-md0.1-s42-c20-ms3-leaf,30,5,0.1,20,3,leaf,42,81,0.4528825739016822,0.01878164298546464,0.4053731343283582,0.4961194029850746,0.04148022085428238,0.5114213824272156,0.8355845780820558,-0.16458134295820834
n30-d15-md0.1-s42-c20-ms20-eom,30,15,0.1,20,20,eom,42,46,0.5018781642985465,0.09472480810060428,0.4124590163934426,0.4550819672131148,0.09519742429256439,0.6136168241500854,0.8872081501570593,-0.16459728150631808
n10-d15-md0.0-s42-c30-ms3-eom,10,15,0.0,30,3,eom,42,54,0.38706516413522785,0.04278948227992814,0.277644551025846,0.35624833466560085,0.01455480232834816,0.5097765922546387,0.8736878290362214,-0.16460617070606115
n10-d5-md0.0-s42-c20-ms3-eom,10,5,0.0,20,3,eom,42,102,0.3274538624857096,0.022048015678588925,0.416221466731423,0.45507527926177754,0.007065396755933762,0.5960363149642944,0.8509362772151864,-0.16462798983878701
n10-d15-md0.0-s42-c30-ms3-leaf,10,15,0.0,30,3,leaf,42,60,0.4236485382982198,0.036420055528335785,0.2745820345706999,0.3734769056389912,0.021796178072690964,0.5359492897987366,0.8718306112919567,-0.16469571636654784
n30-d15-md0.0-s42-c100-ms20-leaf,30,15,0.0,100,20,leaf,42,9,0.600685938265556,0.1110566715662257,0.10306748466257669,0.20286298568507158,0.08606337010860443,0.5775631070137024,0.8843940129307473,-0.16513086985356173
n30-d15-md0.05-s42-c60-ms5-leaf,30,15,0.05,60,5,leaf,42,24,0.5645925200065327,0.051772007186019924,0.22055513878469618,0.32295573893473367,0.06318337470293045,0.504004955291748,0.9167925595198845,-0.16516365570974376
n10-d5-md0.1-s42-c20-ms20-leaf,10,5,0.1,20,20,leaf,42,61,0.5361750775763514,0.03707333006696064,0.43591549295774645,0.4848591549295775,0.0795307382941246,0.66780024766922,0.8473891381070874,-0.1652457739559231
n60-d15-md0.1-s42-c30-ms3-eom,60,15,0.1,30,3,eom,42,38,0.4471664216887147,0.11726277968316184,0.321122599704579,0.36750369276218614,0.07505680620670319,0.4770129323005676,0.8980816843979991,-0.16589290009717897
n30-d15-md0.0-s42-c20-ms10-eom,30,15,0.0,20,10,eom,42,59,0.4094398170831292,0.10583047525722684,0.3899336283185841,0.4433075221238938,0.06794210523366928,0.6156843304634094,0.8753549561484385,-0.1662951217676705
n10-d5-md0.0-s42-c30-ms5-leaf,10,5,0.0,30,5,leaf,42,61,0.4313245141270619,0.024987751102400785,0.3357265939115451,0.40608845491097073,0.025594547390937805,0.5852535963058472,0.8748082310147882,-0.16665567148511293
n30-d5-md0.0-s42-c100-ms10-leaf,30,5,0.0,100,10,leaf,42,14,0.5854973052425282,0.070880287440797,0.1461780929866036,0.23128447596532703,0.06634233891963959,0.4859882891178131,0.9632326190454086,-0.1666737103215079
n10-d5-md0.0-s42-c20-ms5-leaf,10,5,0.0,20,5,leaf,42,103,0.3944145026947575,0.017475093908214927,0.45846817691477887,0.48975188781014023,0.028925100341439247,0.620376467704773,0.8596121448005294,-0.16690702395831228
n60-d15-md0.0-s42-c20-ms3-eom,60,15,0.0,20,3,eom,42,70,0.38036910011432307,0.12330556916544178,0.382445967316816,0.44095940959409596,0.0661744549870491,0.5350964069366455,0.8814059566016224,-0.1669559547274911
n30-d5-md0.1-s42-c20-ms10-leaf,30,5,0.1,20,10,leaf,42,62,0.5461375142903805,0.02596766291033807,0.5462396545519971,0.5509175962576466,0.09163252264261246,0.6037819385528564,0.8393453445852066,-0.16712851128247028
n30-d5-md0.1-s42-c100-ms5-leaf,30,5,0.1,100,5,leaf,42,10,0.586150579781153,0.12118242691491099,0.14009471191791634,0.21902131018153118,0.09027307480573654,0.5043092370033264,0.8935377598532367,-0.1671775193737523
n30-d15-md0.0-s42-c20-ms20-eom,30,15,0.0,20,20,eom,42,50,0.47117426098317816,0.105177200718602,0.4169240271772699,0.4555281037677579,0.08916296064853668,0.6599490642547607,0.866435179215555,-0.16731652208230824
n60-d15-md0.1-s42-c60-ms20-leaf,60,15,0.1,60,20,leaf,42,16,0.5389514943655072,0.11056671566225706,0.20545518951470068,0.2872830322352108,0.08040409535169601,0.47838491201400757,0.8571045976253746,-0.16738298921628977
n10-d15-md0.1-s42-c100-ms20-leaf,10,15,0.1,100,20,leaf,42,12,0.6153846153846154,0.09325494038869835,0.21443736730360935,0.27983014861995753,0.09596028923988342,0.5405659675598145,0.9334245548196463,-0.16744817066539178
n10-d15-md0.1-s42-c100-ms3-leaf,10,15,0.1,100,3,leaf,42,13,0.5933365997060265,0.06451086068920464,0.19799196787148593,0.27068273092369477,0.07242763787508011,0.4280555844306946,0.9644966638416,-0.16752756756205303
n30-d15-md0.1-s42-c100-ms20-leaf,30,15,0.1,100,20,leaf,42,9,0.63416625837008,0.10501388208394578,0.11473214285714285,0.21339285714285713,0.09243480116128922,0.5342327952384949,0.9150446984206265,-0.1675318388202791
n60-d5-md0.0-s42-c60-ms10-leaf,60,5,0.0,60,10,leaf,42,22,0.61130164951821,0.03707333006696064,0.3088235294117647,0.4004201680672269,0.08013772964477539,0.5697561502456665,0.8904715805591489,-0.16811295965593265
n30-d5-md0.0-s42-c20-ms10-leaf,30,5,0.0,20,10,leaf,42,67,0.48227992813980075,0.02449779519843214,0.5006309148264985,0.5107255520504732,0.0638933926820755,0.6357144117355347,0.807905365640819,-0.16813412058305555
n10-d5-md0.1-s42-c100-ms3-leaf,10,5,0.1,100,3,leaf,42,14,0.5843540747999346,0.06320431161195493,0.18860510805500982,0.2821218074656189,0.06689907610416412,0.46521005034446716,0.9713467622556996,-0.16830006835004518
n10-d5-md0.0-s42-c20-ms10-leaf,10,5,0.0,20,10,leaf,42,93,0.4391638085905602,0.016005226196308998,0.4848573092603378,0.5046592894583576,0.044125985354185104,0.675534725189209,0.8663644748595992,-0.1683543667101881
n30-d15-md0.0-s42-c30-ms3-eom,30,15,0.0,30,3,eom,42,44,0.4189122978931896,0.11415972562469377,0.32771219786396855,0.3811129848229342,0.06350734829902649,0.5289039611816406,0.8663537885545786,-0.16840303356087258
n10-d15-md0.0-s42-c20-ms3-leaf,10,15,0.0,20,3,leaf,42,106,0.36322064347542055,0.018128368446839783,0.39599897409592205,0.4647345473198256,0.009016579017043114,0.5861411690711975,0.8745209107409481,-0.16841364436339124
n30-d15-md0.1-s42-c20-ms3-eom,30,15,0.1,20,3,eom,42,66,0.38379879144210355,0.08182263596276335,0.4028624436787702,0.44977471508083755,0.04795415699481964,0.49427029490470886,0.8757260777121841,-0.1685261649710086
n10-d5-md0.1-s42-c20-ms3-leaf,10,5,0.1,20,3,leaf,42,99,0.40486689531275516,0.02025151069737057,0.4300219538968167,0.47585071350164654,0.027316203340888023,0.526563823223114,0.8897821215321123,-0.16877291368614633
n30-d15-md0.05-s42-c30-ms3-eom,30,15,0.05,30,3,eom,42,41,0.42756818552996895,0.10354401437203985,0.3241084165477889,0.3768901569186876,0.05981257185339928,0.5130260586738586,0.8929236600190816,-0.16884615347377965
n30-d5-md0.0-s42-c20-ms20-eom,30,5,0.0,20,20,eom,42,51,0.44455332353421523,0.1076269802384452,0.3954719200235225,0.43399000294031165,0.07750977575778961,0.6256975531578064,0.8498920165815145,-0.16899049942522593
n30-d15-md0.05-s42-c30-ms20-eom,30,15,0.05,30,20,eom,42,34,0.5030213947411399,0.09815449942838478,0.32533683864607293,0.3877752218205718,0.07976232469081879,0.5979145765304565,0.8933535240045715,-0.16902186924262652
n30-d5-md0.1-s42-c20-ms10-eom,30,5,0.1,20,10,eom,42,54,0.4519026620937449,0.10272742119875877,0.4266984505363528,0.4505363528009535,0.08181411772966385,0.5559982657432556,0.8620153302595297,-0.1691251590782919
n10-d5-md0.0-s42-c30-ms10-eom,10,5,0.0,30,10,eom,42,48,0.41156295933366,0.055201698513800426,0.28781570913127946,0.37274493477657505,0.024793684482574463,0.5722540616989136,0.8787851953654952,-0.16944840894411564
n10-d15-md0.1-s42-c100-ms5-leaf,10,15,0.1,100,5,leaf,42,14,0.5954597419565573,0.06075453209211171,0.196608800968914,0.2842147759386354,0.06892260909080505,0.43969541788101196,0.966468016827957,-0.16958389968755508
n10-d5-md0.1-s42-c30-ms3-leaf,10,5,0.1,30,3,leaf,42,54,0.4669279764821166,0.022374652947901356,0.3238357843137255,0.40870098039215685,0.030237417668104172,0.5124372839927673,0.8979423746370244,-0.16960366939754032
n10-d15-md0.0-s42-c30-ms5-leaf,10,15,0.0,30,5,leaf,42,58,0.4285480973379063,0.03054058468071207,0.28722492140611605,0.38382394969991424,0.016982940956950188,0.5442959666252136,0.8764456053563467,-0.16993551879569513
n10-d15-md0.0-s42-c100-ms5-leaf,10,15,0.0,100,5,leaf,42,16,0.5448309652131308,0.051772007186019924,0.18012199497667744,0.26300681736634374,0.04637664183974266,0.4974265694618225,0.9510247658257245,-0.16997695056370815
n10-d15-md0.1-s42-c20-ms20-leaf,10,15,0.1,20,20,leaf,42,56,0.5614894659480647,0.01910828025477707,0.4685288640595903,0.5080074487895717,0.07814973592758179,0.6846445202827454,0.8821842947719336,-0.1701305735931647
n30-d15-md0.1-s42-c20-ms10-eom,30,15,0.1,20,10,eom,42,56,0.4368773477053732,0.10191082802547771,0.4234338747099768,0.4538863109048724,0.07488133013248444,0.5623751878738403,0.8778945356938107,-0.17065236939836287
n10-d15-md0.1-s42-c30-ms5-leaf,10,15,0.1,30,5,leaf,42,50,0.5056344928956394,0.02792748652621264,0.3657086223984143,0.4185662371985464,0.04848514869809151,0.5507493615150452,0.9033047613777213,-0.17202523579346876
n30-d5-md0.0-s42-c30-ms20-eom,30,5,0.0,30,20,eom,42,37,0.45794545157602484,0.1076269802384452,0.33805363061163,0.39198553781259415,0.06987670063972473,0.602706789970398,0.8883310820382,-0.1720284695440498
n30-d5-md0.1-s42-c30-ms10-eom,30,5,0.1,30,10,eom,42,36,0.47444063367630246,0.10272742119875877,0.3610938471100062,0.39030453697949036,0.07580023258924484,0.5265673398971558,0.90527083763014,-0.17205974517952619
n10-d15-md0.0-s42-c30-ms20-leaf,10,15,0.0,30,20,leaf,42,43,0.5159235668789809,0.034296913277805,0.3333333333333333,0.400472334682861,0.049557264894247055,0.6481674313545227,0.874329790822952,-0.1723682618083497
n30-d15-md0.1-s42-c60-ms5-leaf,30,15,0.1,60,5,leaf,42,21,0.6023191246121182,0.03821656050955414,0.24517453798767966,0.33880903490759756,0.06357736885547638,0.5047640800476074,0.92093570962507,-0.17300282948108808
n30-d15-md0.0-s42-c30-ms10-leaf,30,15,0.0,30,10,leaf,42,46,0.5066144047035767,0.04082965866405357,0.39920556107249255,0.44422376696458127,0.059085845947265625,0.6198074221611023,0.8693345829982874,-0.17319413895670804
n10-d15-md0.0-s42-c20-ms5-leaf,10,15,0.0,20,5,leaf,42,100,0.38592193369263433,0.01796504981218357,0.41436170212765955,0.46861702127659577,0.013612770475447178,0.5999147891998291,0.8702912688272804,-0.17330058985758384
n10-d5-md0.1-s42-c20-ms5-leaf,10,5,0.1,20,5,leaf,42,96,0.4347542054548424,0.016985138004246284,0.4570933256284311,0.49552152557064433,0.034155771136283875,0.5864611864089966,0.894168821605373,-0.17332705834655665
n10-d15-md0.0-s42-c60-ms20-leaf,10,15,0.0,60,20,leaf,42,24,0.5707986281234689,0.034296913277805,0.2541856925418569,0.3382800608828006,0.052771952003240585,0.6226333975791931,0.9097817878396165,-0.17374394695398113
n10-d15-md0.0-s42-c20-ms3-eom,10,15,0.0,20,3,eom,42,97,0.31259186673199413,0.026784256083619142,0.38417676407697793,0.43597053932050367,-0.00908398162573576,0.5649075508117676,0.8761242150607095,-0.17388018429869026
n60-d5-md0.1-s42-c20-ms3-eom,60,5,0.1,20,3,eom,42,64,0.3996406990037563,0.08329250367466928,0.38003264417845484,0.4428726877040261,0.04412127286195755,0.4537926912307739,0.8524641670717993,-0.1744220853032722
n10-d15-md0.0-s42-c20-ms10-leaf,10,15,0.0,20,10,leaf,42,91,0.421525396047689,0.024987751102400785,0.4593450028232637,0.4923771880293619,0.033400699496269226,0.6529415249824524,0.869883073257056,-0.1744525452927274
n10-d5-md0.0-s42-c30-ms20-eom,10,5,0.0,30,20,eom,42,39,0.42168871468234526,0.09423485219663563,0.27845241457215475,0.35300762496469923,0.04066747426986694,0.6009138822555542,0.8804116921428043,-0.17472442841897765
n10-d5-md0.0-s42-c30-ms5-eom,10,5,0.0,30,5,eom,42,55,0.38918830638575863,0.043442756818552995,0.30614973262032086,0.3748663101604278,0.009314027614891529,0.5581744909286499,0.8753997377742668,-0.1750863026031607
n10-d5-md0.1-s42-c100-ms20-leaf,10,5,0.1,100,20,leaf,42,10,0.6323697533888617,0.10076759758288421,0.21590404264771212,0.28742780986228345,0.09705131500959396,0.5568962693214417,0.9164776534053831,-0.17542901619566348
n30-d5-md0.0-s42-c30-ms10-eom,30,5,0.0,30,10,eom,42,39,0.42168871468234526,0.10746366160378899,0.3456650663654335,0.3713640214628636,0.056649453938007355,0.5641116499900818,0.8743433241559729,-0.17543875122340574
n10-d15-md0.1-s42-c30-ms3-eom,10,15,0.1,30,3,eom,42,50,0.43312101910828027,0.0331536828352115,0.3509075194468453,0.3811581676750216,0.02323741652071476,0.47251299023628235,0.8948488723770058,-0.17591185854640184
n10-d15-md0.1-s42-c30-ms3-leaf,10,15,0.1,30,3,leaf,42,53,0.4491262453045893,0.03168381512330557,0.38096649866587606,0.4037948413874889,0.031186705455183983,0.5053519010543823,0.8873416628423589,-0.176538050497727
n10-d15-md0.1-s42-c20-ms5-leaf,10,15,0.1,20,5,leaf,42,86,0.43638739180140457,0.022701290217213784,0.4236453201970443,0.47435525934511735,0.029196780174970627,0.5687458515167236,0.8824434806280469,-0.1766168805036143
n30-d5-md0.1-s42-c60-ms20-leaf,30,5,0.1,60,20,leaf,42,18,0.6224073166748326,0.08574228319451249,0.2179930795847751,0.32698961937716264,0.08521030843257904,0.5275607705116272,0.913770579793429,-0.17708199010484324
n10-d5-md0.1-s42-c30-ms5-leaf,10,5,0.1,30,5,leaf,42,55,0.49256900212314225,0.02286460885187,0.3678789829417444,0.4409398133247506,0.03673470765352249,0.5674569010734558,0.8936301122181166,-0.17765014485061684
n60-d5-md0.1-s42-c20-ms10-eom,60,5,0.1,20,10,eom,42,51,0.4886493548913931,0.06532745386248572,0.3832641328648994,0.46885978920472693,0.058750711381435394,0.5549888014793396,0.848284987715941,-0.17799744194696032
n30-d15-md0.1-s42-c30-ms20-eom,30,15,0.1,30,20,eom,42,33,0.5446676465784746,0.09472480810060428,0.34074605451936874,0.40100430416068866,0.08382017910480499,0.6010001301765442,0.9034105345850582,-0.17805442709694483
n60-d5-md0.1-s42-c20-ms5-eom,60,5,0.1,20,5,eom,42,58,0.42740486689531276,0.073166748325984,0.390188248716486,0.452937820878494,0.04519430175423622,0.48047977685928345,0.8539881599826769,-0.17813876978482251
n30-d15-md0.0-s42-c30-ms20-eom,30,15,0.0,30,20,eom,42,35,0.4919157275845174,0.105177200718602,0.3391192542590807,0.3950498232079717,0.07227732241153717,0.6257926821708679,0.8836904541232788,-0.17875388436198114
n10-d5-md0.1-s42-c20-ms20-eom,10,5,0.1,20,20,eom,42,55,0.47901355544667645,0.06516413522782949,0.3777429467084639,0.43385579937304075,0.05339420214295387,0.6145964860916138,0.8596923132265523,-0.1795533741112334
n10-d5-md0.1-s42-c20-ms3-eom,10,5,0.1,20,3,eom,42,93,0.3753062224399804,0.028417442430181284,0.4235294117647059,0.4627450980392157,0.009800166822969913,0.49664098024368286,0.8921641810278752,-0.18052983288882074
n10-d5-md0.0-s42-c30-ms3-eom,10,5,0.0,30,3,eom,42,55,0.3642005552833578,0.08100604278948229,0.30259440020549705,0.36681222707423583,0.014273122884333134,0.5548356175422668,0.8842500344721494,-0.18087922512623988
n10-d15-md0.0-s42-c30-ms5-eom,10,15,0.0,30,5,eom,42,51,0.3934345908868202,0.040666340029397355,0.2792137856758212,0.3559504577275175,-0.0007659929106011987,0.5236218571662903,0.8789458115707739,-0.18101160804271912
n10-d15-md0.0-s42-c20-ms5-eom,10,15,0.0,20,5,eom,42,89,0.3341499265066144,0.040666340029397355,0.3826342899190581,0.42923718420407164,-0.003093412145972252,0.5616322159767151,0.8744017401778044,-0.18106670360051397
n10-d5-md0.0-s42-c30-ms20-leaf,10,5,0.0,30,20,leaf,42,44,0.5023681202025151,0.030050628776743426,0.3455858221201181,0.4105677715786019,0.035597123205661774,0.6618030667304993,0.8603757673478408,-0.18197650056148218
n10-d5-md0.1-s42-c20-ms10-leaf,10,5,0.1,20,10,leaf,42,82,0.5022048015678588,0.023517883390494855,0.46194225721784776,0.5003280839895013,0.04945860430598259,0.6387807130813599,0.8829956379187717,-0.18225311644229963
n10-d15-md0.0-s42-c30-ms20-eom,10,15,0.0,30,20,eom,42,36,0.4602319124612118,0.09064184223419892,0.28048411497730713,0.3506807866868381,0.043152373284101486,0.6343309879302979,0.9037399095363104,-0.18231073881795756
n30-d15-md0.0-s42-c20-ms5-eom,30,15,0.0,20,5,eom,42,68,0.34754205454842396,0.11268985791278785,0.37221526908635794,0.4202753441802253,0.033991191536188126,0.5241747498512268,0.870665278207265,-0.1824486441476867
n10-d15-md0.0-s42-c30-ms10-leaf,10,15,0.0,30,10,leaf,42,50,0.4639882410583048,0.03282704556589907,0.3223644119439366,0.39457647775746496,0.021484773606061935,0.5936341881752014,0.8687443210500542,-0.1824798832859695
n30-d15-md0.1-s42-c60-ms3-eom,30,15,0.1,60,3,eom,42,20,0.4697043932712722,0.13359464314878328,0.16137973514012935,0.26024022174314754,0.04928645119071007,0.49509477615356445,0.9145090961941835,-0.18262914863608262
n10-d15-md0.1-s42-c30-ms10-leaf,10,15,0.1,30,10,leaf,42,44,0.5347052098644456,0.03560346235505471,0.4124254124254124,0.43137943137943136,0.056943975389003754,0.6059642434120178,0.8852842053838885,-0.18313313061166914
n30-d15-md0.0-s42-c30-ms5-eom,30,15,0.0,30,5,eom,42,45,0.40225379715825577,0.11268985791278785,0.3215846994535519,0.3778688524590164,0.042102862149477005,0.5277045965194702,0.8771866424294246,-0.18315591087242641
n10-d5-md0.1-s42-c30-ms10-eom,10,5,0.1,30,10,eom,42,41,0.42969132778049973,0.0961946758125102,0.2651775486827033,0.35853379152348225,0.033001914620399475,0.5364483594894409,0.8940139103902005,-0.18377945392241105
n30-d15-md0.05-s42-c20-ms3-eom,30,15,0.05,20,3,eom,42,67,0.3733463988241058,0.10354401437203985,0.4151681000781861,0.4430544696377378,0.04205916076898575,0.5032451152801514,0.8605568077427904,-0.18399198107599382
n10-d5-md0.0-s42-c20-ms5-eom,10,5,0.0,20,5,eom,42,89,0.31912461211824267,0.043442756818552995,0.38234588630366995,0.4312784840489326,-0.009837151505053043,0.5700190663337708,0.8635238942105053,-0.18464779649535282
n10-d15-md0.0-s42-c30-ms10-eom,10,15,0.0,30,10,eom,42,44,0.40307039033153685,0.0973379062551037,0.28098495212038305,0.346922024623803,0.02596634440124035,0.5627568364143372,0.9027301843719578,-0.18577146864382998
n10-d5-md0.0-s42-c20-ms10-eom,10,5,0.0,20,10,eom,42,88,0.41156295933366,0.021884697043932713,0.4604496253122398,0.47710241465445463,0.01752440258860588,0.6600563526153564,0.8675970050959063,-0.18595427753029442
n10-d5-md0.1-s42-c20-ms5-eom,10,5,0.1,20,5,eom,42,90,0.40699003756328594,0.02286460885187,0.47177086202148166,0.4825117047645277,0.016698667779564857,0.5732861161231995,0.8914590963605579,-0.1875962772185782
n30-d15-md0.1-s42-c30-ms3-eom,30,15,0.1,30,3,eom,42,41,0.4388371713212478,0.1154662747019435,0.3210128055878929,0.37718277066356226,0.048714637756347656,0.519688069820404,0.9009572816270458,-0.18882157182918233
n30-d5-md0.0-s42-c20-ms10-eom,30,5,0.0,20,10,eom,42,60,0.4025804344275682,0.10746366160378899,0.40131219245489336,0.43001640240568617,0.04577900469303131,0.5925508141517639,0.8368134818087095,-0.18892378530536763
n60-d15-md0.0-s42-c30-ms3-eom,60,15,0.0,30,3,eom,42,40,0.43312101910828027,0.12330556916544178,0.2938634399308557,0.3627196773264189,0.046694185584783554,0.543237566947937,0.8795863358086177,-0.18897442072004977
n10-d15-md0.1-s42-c30-ms10-eom,10,15,0.1,30,10,eom,42,38,0.47199085415645925,0.09423485219663563,0.3269409217445097,0.37364676770801114,0.04832348972558975,0.5794506669044495,0.9092630530890753,-0.18943233088134231
n10-d5-md0.1-s42-c100-ms5-leaf,10,5,0.1,100,5,leaf,42,13,0.5845173934345909,0.10060427894822799,0.18828616352201258,0.2775157232704403,0.06422558426856995,0.44299519062042236,0.9292380027282069,-0.1896746977642232
n10-d15-md0.0-s42-c100-ms3-eom,10,15,0.0,100,3,eom,42,13,0.43295770047362403,0.1154662747019435,0.14429723502304148,0.21514976958525345,0.01957467384636402,0.4581540822982788,0.9406863269602036,-0.18969035890015115
n10-d5-md0.1-s42-c100-ms10-leaf,10,5,0.1,100,10,leaf,42,12,0.5332353421525396,0.11121999020088193,0.1668999300209937,0.24597620713785864,0.049326129257678986,0.4408976435661316,0.9065231679816869,-0.1912894579916729
n10-d15-md0.1-s42-c20-ms3-eom,10,15,0.1,20,3,eom,42,84,0.36550710436060757,0.0331536828352115,0.41647361647361647,0.43346203346203344,-0.005943283438682556,0.4954254627227783,0.8749375366117325,-0.19464329863551305
n10-d15-md0.1-s42-c20-ms20-eom,10,15,0.1,20,20,eom,42,50,0.48097337906255105,0.09325494038869835,0.3574575204531152,0.4238514789175582,0.049569256603717804,0.6428481340408325,0.9005794707738781,-0.19496885537736397
n30-d15-md0.05-s42-c30-ms5-eom,30,15,0.05,30,5,eom,42,40,0.41515596929609666,0.12673526049322228,0.30717676626640605,0.3554872940519408,0.038008563220500946,0.5219280123710632,0.9031376215729957,-0.1959823727549001
n10-d15-md0.1-s42-c60-ms5-leaf,10,15,0.1,60,5,leaf,42,22,0.5665523436224074,0.041972889106647066,0.2351168048229088,0.3372268274302939,0.03009067289531231,0.5001710653305054,0.9158884320864144,-0.19612899546816975
n30-d15-md0.0-s42-c20-ms3-eom,30,15,0.0,20,3,eom,42,74,0.3468887800097991,0.11415972562469377,0.41935483870967744,0.43810952738184544,0.02700510434806347,0.5217106342315674,0.8670927382466089,-0.19704461827367475
n10-d15-md0.1-s42-c20-ms3-leaf,10,15,0.1,20,3,leaf,42,94,0.425281724644782,0.016985138004246284,0.43506678033532253,0.46405228758169936,0.0030920521821826696,0.520256757736206,0.8806251711499206,-0.19824505126367345
n10-d15-md0.1-s42-c20-ms10-leaf,10,15,0.1,20,10,leaf,42,78,0.4902825412379552,0.022701290217213784,0.4799743671900032,0.5078500480615188,0.03147415071725845,0.6446045637130737,0.879001400630382,-0.1989574118412355
n10-d5-md0.1-s42-c30-ms5-eom,10,5,0.1,30,5,eom,42,50,0.42381185693287604,0.0903152049648865,0.29109977324263037,0.3772675736961451,0.01633560098707676,0.533272922039032,0.8981083750033049,-0.19963052456162383
n10-d5-md0.1-s42-c30-ms3-eom,10,5,0.1,30,3,eom,42,44,0.3790625510370733,0.09064184223419892,0.2532877432930037,0.3332456601788532,-0.0029313405975699425,0.4669538736343384,0.9077507593324994,-0.19996418851974193
n10-d15-md0.0-s42-c60-ms3-eom,10,15,0.0,60,3,eom,42,21,0.39539441450269475,0.15743916380859055,0.17531064289573203,0.25364667747163694,0.023512931540608406,0.5329449772834778,0.933308933807284,-0.2001215711488551
n10-d5-md0.1-s42-c60-ms5-eom,10,5,0.1,60,5,eom,42,16,0.4301812836844684,0.11644618650988078,0.1593579822298653,0.23932358842075094,0.009003589861094952,0.3987374007701874,0.9255468763281042,-0.20217758583366577
n10-d15-md0.0-s42-c20-ms20-leaf,10,15,0.0,20,20,leaf,42,69,0.4955087375469541,0.022374652947901356,0.43897701521528004,0.4800906442214309,0.021694151684641838,0.7052292227745056,0.8589342305145384,-0.20399234833568708
n10-d15-md0.0-s42-c60-ms5-eom,10,15,0.0,60,5,eom,42,22,0.42707822962600034,0.15743916380859055,0.18529076396807298,0.26824401368301026,0.03024284355342388,0.5465965867042542,0.9210279766027981,-0.20439382183388244
n10-d5-md0.0-s42-c20-ms20-leaf,10,5,0.0,20,20,leaf,42,69,0.4976318797974849,0.021721378409276498,0.476592977893368,0.4892717815344603,0.027023009955883026,0.7011993527412415,0.837349280192419,-0.20461618987200592
n10-d15-md0.1-s42-c30-ms5-eom,10,15,0.1,30,5,eom,42,40,0.4380205781479667,0.11677282377919321,0.2818947980238303,0.3435047951176983,0.022302912548184395,0.5104242563247681,0.9311679366141196,-0.20977389248937678
n10-d15-md0.0-s42-c20-ms10-eom,10,15,0.0,20,10,eom,42,80,0.34492895639392457,0.0973379062551037,0.399900274245824,0.4225878833208676,-0.006678905803710222,0.5659853219985962,0.8943477835185614,-0.21881158698631303
n10-d15-md0.1-s42-c20-ms10-eom,10,15,0.1,20,10,eom,42,70,0.4257716805487506,0.09423485219663563,0.40415244596131966,0.4448236632536974,0.010471947491168976,0.5822863578796387,0.8955995529683662,-0.22499984966597197
n10-d5-md0.1-s42-c20-ms10-eom,10,5,0.1,20,10,eom,42,70,0.3983341499265066,0.0961946758125102,0.3979370249728556,0.42969598262757874,0.0002536191313993186,0.575554609298706,0.8894778047458866,-0.2270345174987361
n10-d15-md0.0-s42-c20-ms20-eom,10,15,0.0,20,20,eom,42,56,0.4099297729870978,0.09064184223419892,0.3335178522003875,0.3988375311375588,-0.011966000311076641,0.6545659303665161,0.8791562332094559,-0.23029353115436357
n10-d5-md0.0-s42-c20-ms20-eom,10,5,0.0,20,20,eom,42,60,0.4185856606238772,0.09423485219663563,0.37050561797752807,0.41713483146067415,-0.009870119392871857,0.6524908542633057,0.8601493407848916,-0.23813908637498205
n10-d15-md0.1-s42-c20-ms5-eom,10,15,0.1,20,5,eom,42,77,0.38624857096194676,0.11677282377919321,0.38877062267163387,0.4286854709952102,-0.006570256780833006,0.4969678819179535,0.9045508823712776,-0.2391468333597587
n10-d5-md0.0-s42-c100-ms3-eom,10,5,0.0,100,3,eom,42,7,0.26506614404703577,0.5040013065490773,0.07511111111111111,0.12311111111111112,0.03206038102507591,0.3144321143627167,0.9484417220912658,-0.3107267821302401
n10-d5-md0.0-s42-c100-ms20-eom,10,5,0.0,100,20,eom,42,6,0.292666993303936,0.5296423321901029,0.053336411914107595,0.10898175940891248,0.04988821968436241,0.3078077733516693,0.9513074696870398,-0.310733506188986
n10-d5-md0.0-s42-c100-ms10-eom,10,5,0.0,100,10,eom,42,6,0.24220153519516577,0.544994283847787,0.04978448275862069,0.10237068965517242,0.030602846294641495,0.2750975489616394,0.9334582533528999,-0.32202242860159486
n10-d15-md0.0-s42-c60-ms10-eom,10,15,0.0,60,10,eom,42,15,0.28580761064837495,0.40682671892862976,0.1479533501029042,0.19345986736793963,-0.03067035973072052,0.21234242618083954,0.9493781607706129,-0.3420190049049835
n10-d5-md0.1-s42-c100-ms20-eom,10,5,0.1,100,20,eom,42,2,0.05699820349501878,0.9225869671729544,0.02164877034984413,0.055074471770003464,0.10354885458946228,0.6566911339759827,0.9579165824477192,-0.37809140559799714
n10-d5-md0.1-s42-c100-ms10-eom,10,5,0.1,100,10,eom,42,2,0.05307855626326964,0.9265066144047036,0.02155915833045878,0.05484649879268713,0.10305319726467133,0.6532942652702332,0.957686502335335,-0.37935755056623016
n10-d5-md0.0-s42-c60-ms20-eom,10,5,0.0,60,20,eom,42,12,0.23860852523272905,0.5074309978768577,0.10167310167310167,0.1522951522951523,-0.04271077737212181,0.21965037286281586,0.943576659652766,-0.3832597991313347
n10-d5-md0.1-s42-c100-ms5-eom,10,5,0.1,100,5,eom,42,5,0.18944961620120856,0.7267679242201536,0.0683054604070119,0.11182752367519645,0.04543747752904892,0.21572881937026978,0.9619114416178504,-0.3850271885024422
n10-d5-md0.1-s42-c100-ms3-eom,10,5,0.1,100,3,eom,42,5,0.18601992487342806,0.730197615547934,0.06801765650080256,0.1115569823434992,0.044874511659145355,0.21494732797145844,0.9688320146462565,-0.38623292205197046
n60-d5-md0.0-s42-c100-ms3-eom,60,5,0.0,100,3,eom,42,2,0.034623550547117424,0.9452882573901682,0.020808661816951447,0.05362882760954153,0.09863033145666122,0.746331512928009,0.8855324047238594,-0.38752216167510084
n10-d15-md0.0-s42-c100-ms20-eom,10,15,0.0,100,20,eom,42,5,0.1946758125102074,0.7199085415645925,0.07077671871831272,0.11255323463800446,0.04083670303225517,0.24842490255832672,0.972446523288946,-0.3881368193108502
n10-d15-md0.0-s42-c100-ms10-eom,10,15,0.0,100,10,eom,42,5,0.1843867385268659,0.730197615547934,0.06988386063275931,0.11153384060873048,0.04044495150446892,0.24653004109859467,0.9755090533217524,-0.39045245692247177
n10-d15-md0.0-s42-c100-ms5-eom,10,15,0.0,100,5,eom,42,5,0.1819369590070227,0.7326473950677772,0.06967458574565781,0.11139948093431823,0.04044580087065697,0.24648720026016235,0.9798842563928054,-0.3909101722271871
n30-d15-md0.1-s42-c100-ms3-eom,30,15,0.1,100,3,eom,42,2,0.023191246121182427,0.9567205618161032,0.02056512288914897,0.05300117037284735,0.0964728593826294,0.7027570605278015,0.9443339308543798,-0.3919295637951493
n30-d15-md0.1-s42-c100-ms5-eom,30,15,0.1,100,5,eom,42,2,0.023191246121182427,0.9567205618161032,0.02056512288914897,0.05300117037284735,0.0964728593826294,0.7027570605278015,0.9488321765446844,-0.3919295637951493
n30-d15-md0.1-s42-c100-ms10-eom,30,15,0.1,100,10,eom,42,2,0.023191246121182427,0.9567205618161032,0.02056512288914897,0.05300117037284735,0.0964728593826294,0.7027570605278015,0.8664348250053178,-0.3919295637951493
n30-d15-md0.1-s42-c100-ms20-eom,30,15,0.1,100,20,eom,42,2,0.023191246121182427,0.9567205618161032,0.02056512288914897,0.05300117037284735,0.0964728593826294,0.7027570605278015,0.8433582189793115,-0.3919295637951493
n30-d15-md0.0-s42-c100-ms10-eom,30,15,0.0,100,10,eom,42,2,0.021231422505307854,0.9586803854319778,0.02052394460203571,0.05289504421825463,0.0950273647904396,0.7493839859962463,0.8806530493660194,-0.39376084636744696
n30-d15-md0.0-s42-c100-ms20-eom,30,15,0.0,100,20,eom,42,2,0.021231422505307854,0.9586803854319778,0.02052394460203571,0.05289504421825463,0.0950273647904396,0.7493839859962463,0.8736177610090593,-0.39376084636744696
n60-d5-md0.0-s42-c100-ms5-eom,60,5,0.0,100,5,eom,42,2,0.021231422505307854,0.9586803854319778,0.02052394460203571,0.05289504421825463,0.0950273647904396,0.740028977394104,0.9047005198953059,-0.39376084636744696
n60-d5-md0.0-s42-c100-ms10-eom,60,5,0.0,100,10,eom,42,2,0.021231422505307854,0.9586803854319778,0.02052394460203571,0.05289504421825463,0.0950273647904396,0.740028977394104,0.895217003278597,-0.39376084636744696
n60-d5-md0.0-s42-c100-ms20-eom,60,5,0.0,100,20,eom,42,2,0.021231422505307854,0.9586803854319778,0.02052394460203571,0.05289504421825463,0.0950273647904396,0.740028977394104,0.9017903209474879,-0.39376084636744696
n60-d5-md0.1-s42-c100-ms3-eom,60,5,0.1,100,3,eom,42,2,0.021231422505307854,0.9586803854319778,0.02052394460203571,0.05289504421825463,0.0950273647904396,0.700639009475708,0.9171718891665495,-0.39376084636744696
n60-d5-md0.1-s42-c100-ms5-eom,60,5,0.1,100,5,eom,42,2,0.021231422505307854,0.9586803854319778,0.02052394460203571,0.05289504421825463,0.0950273647904396,0.700639009475708,0.923029473296479,-0.39376084636744696
n60-d5-md0.1-s42-c100-ms10-eom,60,5,0.1,100,10,eom,42,2,0.021231422505307854,0.9586803854319778,0.02052394460203571,0.05289504421825463,0.0950273647904396,0.700639009475708,0.9105850719149503,-0.39376084636744696
n60-d5-md0.1-s42-c100-ms20-eom,60,5,0.1,100,20,eom,42,2,0.021231422505307854,0.9586803854319778,0.02052394460203571,0.05289504421825463,0.0950273647904396,0.700639009475708,0.9184786560057177,-0.39376084636744696
n60-d15-md0.0-s42-c100-ms3-eom,60,15,0.0,100,3,eom,42,2,0.021231422505307854,0.9586803854319778,0.02052394460203571,0.05289504421825463,0.0950273647904396,0.7648987174034119,0.8938200052371282,-0.39376084636744696
n60-d15-md0.0-s42-c100-ms5-eom,60,15,0.0,100,5,eom,42,2,0.021231422505307854,0.9586803854319778,0.02052394460203571,0.05289504421825463,0.0950273647904396,0.7648987174034119,0.8958004422639962,-0.39376084636744696
n60-d15-md0.0-s42-c100-ms10-eom,60,15,0.0,100,10,eom,42,2,0.021231422505307854,0.9586803854319778,0.02052394460203571,0.05289504421825463,0.0950273647904396,0.7648987174034119,0.8926307383955526,-0.39376084636744696
n60-d15-md0.0-s42-c100-ms20-eom,60,15,0.0,100,20,eom,42,2,0.021231422505307854,0.9586803854319778,0.02052394460203571,0.05289504421825463,0.0950273647904396,0.7648987174034119,0.9026519437690627,-0.39376084636744696
n60-d15-md0.1-s42-c60-ms20-eom,60,15,0.1,60,20,eom,42,2,0.021231422505307854,0.9586803854319778,0.02052394460203571,0.05289504421825463,0.0950273647904396,0.73183274269104,0.9819118415590121,-0.39376084636744696
n60-d15-md0.1-s42-c100-ms3-eom,60,15,0.1,100,3,eom,42,2,0.021231422505307854,0.9586803854319778,0.02052394460203571,0.05289504421825463,0.0950273647904396,0.73183274269104,0.9249968347139247,-0.39376084636744696
n60-d15-md0.1-s42-c100-ms5-eom,60,15,0.1,100,5,eom,42,2,0.021231422505307854,0.9586803854319778,0.02052394460203571,0.05289504421825463,0.0950273647904396,0.73183274269104,0.9239935039045873,-0.39376084636744696
n60-d15-md0.1-s42-c100-ms10-eom,60,15,0.1,100,10,eom,42,2,0.021231422505307854,0.9586803854319778,0.02052394460203571,0.05289504421825463,0.0950273647904396,0.73183274269104,0.9160831142859474,-0.39376084636744696
n60-d15-md0.1-s42-c100-ms20-eom,60,15,0.1,100,20,eom,42,2,0.021231422505307854,0.9586803854319778,0.02052394460203571,0.05289504421825463,0.0950273647904396,0.73183274269104,0.9137257179286853,-0.39376084636744696
n30-d15-md0.05-s42-c100-ms20-eom,30,15,0.05,100,20,eom,42,2,0.021231422505307854,0.9586803854319778,0.02052394460203571,0.05289504421825463,0.0950273647904396,0.723968505859375,0.8394736712930141,-0.39376084636744696
n10-d5-md0.0-s42-c60-ms10-eom,10,5,0.0,60,10,eom,42,10,0.17785399314061734,0.5213130818226359,0.09415971394517282,0.1374652363925308,-0.0672164335846901,0.24298833310604095,0.9554532981229853,-0.3953531295299692
n10-d5-md0.0-s42-c100-ms5-eom,10,5,0.0,100,5,eom,42,5,0.15841907561652785,0.7579617834394905,0.06559285852901223,0.1061517562584902,0.03380537033081055,0.2380918562412262,0.9707730110406324,-0.4025401728532449
n30-d15-md0.0-s42-c100-ms3-eom,30,15,0.0,100,3,eom,42,3,0.11154662747019435,0.8517066797321574,0.04136029411764706,0.0744485294117647,0.05227665230631828,0.44509974122047424,0.9768583868550231,-0.4132447199184658
n30-d15-md0.0-s42-c100-ms5-eom,30,15,0.0,100,5,eom,42,3,0.11154662747019435,0.8517066797321574,0.04136029411764706,0.0744485294117647,0.05227665230631828,0.44509974122047424,0.9746939927092743,-0.4132447199184658
n30-d5-md0.1-s42-c100-ms10-eom,30,5,0.1,100,10,eom,42,3,0.10730034296913278,0.855952964233219,0.041163556531284305,0.07409440175631174,0.052708275616168976,0.37842556834220886,0.9246357070029076,-0.413632842870873
n30-d5-md0.1-s42-c100-ms3-eom,30,5,0.1,100,3,eom,42,3,0.10387065164135229,0.8592193369263433,0.041188263167486784,0.07381082558775287,0.05272560194134712,0.3784162402153015,0.955977079294049,-0.4142235014893533
n30-d5-md0.1-s42-c100-ms5-eom,30,5,0.1,100,5,eom,42,3,0.10387065164135229,0.8592193369263433,0.041188263167486784,0.07381082558775287,0.05272560194134712,0.3784162402153015,0.9389248075450405,-0.4142235014893533
n60-d15-md0.1-s42-c60-ms3-eom,60,15,0.1,60,3,eom,42,3,0.009309162175404213,0.9586803854319778,0.020276953511374877,0.05703923508077811,0.06956899911165237,0.7299813628196716,0.979605799960275,-0.415605485283664
n60-d15-md0.1-s42-c60-ms5-eom,60,15,0.1,60,5,eom,42,3,0.009309162175404213,0.9586803854319778,0.020276953511374877,0.05703923508077811,0.06956899911165237,0.7299813628196716,0.9808297036704344,-0.415605485283664
n30-d5-md0.0-s42-c100-ms3-eom,30,5,0.0,100,3,eom,42,3,0.09897109260166585,0.8641188959660298,0.04096429218778322,0.0734094616639478,0.05155766382813454,0.4341673254966736,0.9652881595665659,-0.4163377557635476
n30-d5-md0.0-s42-c100-ms20-eom,30,5,0.0,100,20,eom,42,3,0.09750122488975992,0.8655887636779357,0.040897575099529494,0.0732899022801303,0.051612962037324905,0.4341545104980469,0.9347459700935598,-0.4165664235335004
n30-d5-md0.0-s42-c100-ms5-eom,30,5,0.0,100,5,eom,42,3,0.0961946758125102,0.8668953127551854,0.04083845319840983,0.07318395374051319,0.05162462964653969,0.4336168169975281,0.9613395915856143,-0.41680719745456757
n30-d5-md0.0-s42-c100-ms10-eom,30,5,0.0,100,10,eom,42,3,0.0961946758125102,0.8668953127551854,0.04083845319840983,0.07318395374051319,0.05162462964653969,0.4336168169975281,0.9518617308502099,-0.41680719745456757
n30-d15-md0.05-s42-c100-ms10-eom,30,15,0.05,100,10,eom,42,3,0.09456148946594807,0.8685284991017476,0.04076479076479077,0.07305194805194805,0.05004153028130531,0.42343243956565857,0.9286117826754828,-0.4187058847240715
n30-d15-md0.05-s42-c100-ms3-eom,30,15,0.05,100,3,eom,42,3,0.09047852359954271,0.8726114649681529,0.04058179206320704,0.07272400790087986,0.04957553371787071,0.4230414927005768,0.9592091256190061,-0.41996102465554963
n30-d15-md0.05-s42-c100-ms5-eom,30,15,0.05,100,5,eom,42,3,0.09047852359954271,0.8726114649681529,0.04058179206320704,0.07272400790087986,0.04957553371787071,0.4230414927005768,0.9537553534661711,-0.41996102465554963
n30-d5-md0.1-s42-c100-ms20-eom,30,5,0.1,100,20,eom,42,3,0.06532745386248572,0.8977625347052098,0.03948977808841517,0.0707670802026909,0.0461556650698185,0.3557939827442169,0.8866396293194203,-0.4282473051547944
n10-d15-md0.1-s42-c100-ms3-eom,10,15,0.1,100,3,eom,42,3,0.11187326473950678,0.8486036256736894,0.04450165502022802,0.07502758367046708,0.035931434482336044,0.30611205101013184,0.9613591874195698,-0.4286076060293949
n10-d15-md0.1-s42-c100-ms5-eom,10,15,0.1,100,5,eom,42,3,0.11187326473950678,0.8486036256736894,0.04450165502022802,0.07502758367046708,0.035931434482336044,0.30611205101013184,0.962447148002039,-0.4286076060293949
n10-d15-md0.1-s42-c100-ms20-eom,10,15,0.1,100,20,eom,42,3,0.10664706843050792,0.8538298219826882,0.044241316270566725,0.07458866544789762,0.03400041535496712,0.3019828796386719,0.9339082856011448,-0.43154481360611435
n10-d15-md0.1-s42-c100-ms10-eom,10,15,0.1,100,10,eom,42,3,0.10370733300669606,0.8567695574065001,0.044096209912536447,0.07434402332361516,0.03411233052611351,0.3008127510547638,0.9505293502860798,-0.4319990795660258
n10-d15-md0.0-s42-c60-ms20-eom,10,15,0.0,60,20,eom,42,8,0.1821002776416789,0.6954107463661604,0.08506389776357827,0.13338658146964857,-0.06033531203866005,0.17492856085300446,0.9608500019908969,-0.4754303531787807
n60-d5-md0.1-s42-c60-ms5-eom,60,5,0.1,60,5,eom,42,8,0.18112036583374164,0.7109260166585007,0.07239728759473474,0.12385321100917432,-0.061502110213041306,0.14737120270729065,0.954172087166116,-0.48216082143162436
n60-d5-md0.1-s42-c60-ms3-eom,60,5,0.1,60,3,eom,42,8,0.1695247427731504,0.7223583210844358,0.0711897738446411,0.12350049164208456,-0.06308171153068542,0.1463964581489563,0.9420245151761301,-0.48579676098154456
n10-d5-md0.1-s42-c60-ms3-eom,10,5,0.1,60,3,eom,42,7,0.1625020414829332,0.730197615547934,0.0811232449297972,0.12812012480499219,-0.06091982498764992,0.2180521935224533,0.9664790511769472,-0.48693773194596646
n10-d5-md0.0-s42-c60-ms5-eom,10,5,0.0,60,5,eom,42,8,0.1314715008982525,0.7435897435897436,0.07803685596088755,0.12448288830387363,-0.06743735074996948,0.16550464928150177,0.9476781995495719,-0.4903792012084502
n30-d5-md0.1-s42-c60-ms5-eom,30,5,0.1,60,5,eom,42,7,0.14045402580434427,0.7775600195982362,0.06042181265437963,0.10621318639559187,-0.07641901820898056,0.023027624934911728,0.9637003385957537,-0.5163985076475588
n60-d5-md0.1-s42-c60-ms10-eom,60,5,0.1,60,10,eom,42,6,0.1040339702760085,0.8265556099951005,0.06653299307327744,0.10444768501640539,-0.07513433694839478,0.2269337773323059,0.9693578054993985,-0.5296022819897391
n30-d5-md0.1-s42-c60-ms10-eom,30,5,0.1,60,10,eom,42,6,0.08949861179160543,0.8348848603625674,0.05668161434977578,0.09739910313901345,-0.08471499383449554,0.18896454572677612,0.9536128067585711,-0.5375092497057273
n30-d5-md0.1-s42-c60-ms3-eom,30,5,0.1,60,3,eom,42,6,0.08753878817573085,0.8404376939408786,0.0569178449973152,0.097189905136925,-0.08416739851236343,0.19189465045928955,0.9789582628627164,-0.5391855586851193
n60-d5-md0.1-s42-c60-ms20-eom,60,5,0.1,60,20,eom,42,7,0.07055365017148457,0.850563449289564,0.06378492356352135,0.10490247759620454,-0.0843258798122406,0.15305250883102417,0.9667685938979192,-0.5403414380429962
n10-d15-md0.1-s42-c60-ms20-eom,10,15,0.1,60,20,eom,42,5,0.10779029887310142,0.8291687081495999,0.05839282445542742,0.0928061504667765,-0.08525458723306656,0.2120916098356247,0.9528576937075232,-0.540934954638111
n10-d15-md0.1-s42-c60-ms10-eom,10,15,0.1,60,10,eom,42,5,0.10599379389188307,0.8309652131308183,0.058275484106686155,0.09261965655827549,-0.08507371693849564,0.21059082448482513,0.962186579754694,-0.5410957842874726
n10-d15-md0.1-s42-c60-ms3-eom,10,15,0.1,60,3,eom,42,5,0.10501388208394578,0.8319451249387555,0.05821167883211679,0.09251824817518248,-0.08549872785806656,0.21019421517848969,0.9622850247648579,-0.5417072067774455
n10-d15-md0.1-s42-c60-ms5-eom,10,15,0.1,60,5,eom,42,5,0.10501388208394578,0.8319451249387555,0.05821167883211679,0.09251824817518248,-0.08549872785806656,0.21019421517848969,0.9643907573435452,-0.5417072067774455
n30-d15-md0.0-s42-c60-ms3-eom,30,15,0.0,60,3,eom,42,6,0.07659643965376449,0.8517066797321574,0.0666784577290414,0.10152104704633888,-0.08419894427061081,0.26990872621536255,0.9712014605692488,-0.5430329846921751
n30-d15-md0.0-s42-c60-ms5-eom,30,15,0.0,60,5,eom,42,6,0.07659643965376449,0.8517066797321574,0.0666784577290414,0.10152104704633888,-0.08419894427061081,0.26990872621536255,0.9704574207389735,-0.5430329846921751
n30-d15-md0.1-s42-c60-ms5-eom,30,15,0.1,60,5,eom,42,5,0.102890739833415,0.8347215417279111,0.05807391225195704,0.09357363917713453,-0.08683169633150101,0.20275142788887024,0.9806319927158146,-0.5437707759832746
n30-d5-md0.1-s42-c60-ms20-eom,30,5,0.1,60,20,eom,42,5,0.10419728891066471,0.8347215417279111,0.056700091157702824,0.09316317228805834,-0.08677765727043152,0.19023729860782623,0.9295692123088579,-0.5439026284812419
n60-d15-md0.1-s42-c60-ms10-eom,60,15,0.1,60,10,eom,42,6,0.0847623713865752,0.8456638902498775,0.0649536045681656,0.10135617416131334,-0.08659546077251434,0.14873071014881134,0.9681749161601951,-0.5445991579986504
n30-d15-md0.1-s42-c60-ms10-eom,30,15,0.1,60,10,eom,42,5,0.10158419075616527,0.8371713212477544,0.056716960552626795,0.09343755680785312,-0.08719397336244583,0.20732495188713074,0.9524916363065851,-0.5447624352960666
n30-d5-md0.0-s42-c60-ms3-eom,30,5,0.0,60,3,eom,42,6,0.06385758615057978,0.8641188959660298,0.06594556873691557,0.10013956734124214,-0.08398450911045074,0.24107125401496887,0.9721449402737732,-0.5450930682491769
n30-d5-md0.0-s42-c60-ms20-eom,30,5,0.0,60,20,eom,42,6,0.062387718438673856,0.8655887636779357,0.06584218777216513,0.0999825814318063,-0.08456162363290787,0.24015040695667267,0.9570214336669516,-0.5459486491693026
n30-d5-md0.0-s42-c60-ms5-eom,30,5,0.0,60,5,eom,42,6,0.06108116936142414,0.8668953127551854,0.06575056531570708,0.0998434510349626,-0.08439192175865173,0.2396460622549057,0.9704420708214042,-0.5460265137420277
n30-d5-md0.0-s42-c60-ms10-eom,30,5,0.0,60,10,eom,42,6,0.06108116936142414,0.8668953127551854,0.06575056531570708,0.0998434510349626,-0.08439192175865173,0.2396460622549057,0.9689948947178587,-0.5460265137420277
n30-d15-md0.1-s42-c60-ms20-eom,30,15,0.1,60,20,eom,42,5,0.09880777396700964,0.8409276498448472,0.05545487495469373,0.09278724175425879,-0.08861421793699265,0.20703233778476715,0.9310697047158253,-0.5470386062927233
n30-d15-md0.0-s42-c60-ms10-eom,30,15,0.0,60,10,eom,42,5,0.0881920627143557,0.850563449289564,0.05606304854021136,0.09206519792226402,-0.08764789253473282,0.27473750710487366,0.9618926779599141,-0.5477966932748533
n30-d15-md0.05-s42-c60-ms10-eom,30,15,0.05,60,10,eom,42,5,0.08786542544504328,0.8499101747509391,0.05693822739480752,0.09203222918531781,-0.08821709454059601,0.22471193969249725,0.9629666586533886,-0.5480725436587998
n30-d15-md0.05-s42-c50-ms10-eom,30,15,0.05,50,10,eom,42,5,0.08786542544504328,0.8499101747509391,0.05693822739480752,0.09203222918531781,-0.08821709454059601,0.22471193969249725,0.9583274027993701,-0.5480725436587998
n30-d15-md0.05-s42-c60-ms20-eom,30,15,0.05,60,20,eom,42,5,0.08802874407969949,0.8512167238281888,0.05533667621776504,0.0920487106017192,-0.08866390585899353,0.22569765150547028,0.9454414717814158,-0.5489813924296626
n30-d15-md0.05-s42-c60-ms3-eom,30,15,0.05,60,3,eom,42,5,0.08378245957863792,0.8539931406173444,0.05668449197860963,0.09162210338680928,-0.08854948729276657,0.22482597827911377,0.9736499114195543,-0.5491834692718216
n30-d15-md0.05-s42-c60-ms5-eom,30,15,0.05,60,5,eom,42,5,0.08378245957863792,0.8539931406173444,0.05668449197860963,0.09162210338680928,-0.08854948729276657,0.22482597827911377,0.9714482665062472,-0.5491834692718216
n30-d15-md0.0-s42-c60-ms20-eom,30,15,0.0,60,20,eom,42,5,0.08100604278948229,0.8580761064837498,0.05526923760440732,0.09134529944908477,-0.08902779221534729,0.2720569372177124,0.9449386531392101,-0.550658043934728
n10-d15-md0.1-s42-c30-ms20-eom,10,15,0.1,30,20,eom,42,10,0.11187326473950678,0.7930752898905765,0.07980875321809489,0.11658698050753953,-0.10895150154829025,0.13034670054912567,0.9673393255516174,-0.5510224388981447
n10-d5-md0.1-s42-c60-ms20-eom,10,5,0.1,60,20,eom,42,3,0.062387718438673856,0.9046219173607709,0.03518550775126285,0.0688033443650932,-0.07876376062631607,0.6026477813720703,0.9687412013729084,-0.5550688610009932
n10-d5-md0.1-s42-c60-ms10-eom,10,5,0.1,60,10,eom,42,3,0.06157112526539278,0.9054385105340519,0.03515489035851027,0.06874347372084928,-0.07876376062631607,0.6026477813720703,0.9698349885220319,-0.5552275870267364
n60-d15-md0.1-s42-c30-ms20-eom,60,15,0.1,30,20,eom,42,9,0.10795361750775763,0.8018944961620121,0.09007689491028927,0.12120102526547052,-0.12314131110906601,0.13986435532569885,0.9657100116011176,-0.5699861786789427
n60-d15-md0.1-s42-c30-ms10-eom,60,15,0.1,30,10,eom,42,10,0.07365670422995264,0.8304752572268496,0.09255994358251057,0.12165021156558534,-0.1226140633225441,0.09087855368852615,0.964078830890471,-0.5738326947423312
n60-d5-md0.1-s42-c30-ms10-eom,60,5,0.1,30,10,eom,42,12,0.0870488322717622,0.8105503837987914,0.09087656529516995,0.12862254025044723,-0.13256357610225677,-0.014176781289279461,0.9605710670071641,-0.5775849024774565
n10-d5-md0.1-s42-c30-ms20-eom,10,5,0.1,30,20,eom,42,12,0.09390821492732321,0.8032010452392618,0.0829127613554434,0.11896178803172314,-0.1390461027622223,0.11992129683494568,0.9740097788607723,-0.5812560040633666
n30-d5-md0.1-s42-c30-ms20-eom,30,5,0.1,30,20,eom,42,9,0.07626980238445207,0.8347215417279111,0.08521923620933522,0.11474540311173975,-0.12903457880020142,0.15960246324539185,0.9571754095744552,-0.5820591758108928
n30-d15-md0.1-s42-c30-ms5-eom,30,15,0.1,30,5,eom,42,8,0.08084272415482606,0.8347215417279111,0.0806680881307747,0.11158493248045487,-0.13017168641090393,0.17071057856082916,0.9740381745001541,-0.5838854877409235
n30-d15-md0.1-s42-c30-ms10-eom,30,15,0.1,30,10,eom,42,8,0.07953617507757635,0.8371713212477544,0.07931156848828956,0.11142654364797729,-0.13005167245864868,0.17189398407936096,0.9752192130765224,-0.5843949208790422
n60-d5-md0.0-s42-c30-ms10-eom,60,5,0.0,30,10,eom,42,13,0.05471174260983178,0.8301486199575372,0.10141672425708362,0.13113337940566688,-0.13834117352962494,0.02421814575791359,0.9523811772002497,-0.5850415149299055
n60-d5-md0.0-s42-c60-ms20-eom,60,5,0.0,60,20,eom,42,7,0.080026130981545,0.8378245957863792,0.07864370672820876,0.11113083614415054,-0.14002080261707306,0.16087694466114044,0.9646525493100881,-0.5947374958139575
n60-d15-md0.0-s42-c60-ms20-eom,60,15,0.0,60,20,eom,42,7,0.08165931732810713,0.8396211007675976,0.07504890627778765,0.11132847234572292,-0.13970865309238434,0.15174800157546997,0.9666811128240069,-0.5952743346162834
n60-d5-md0.0-s42-c60-ms3-eom,60,5,0.0,60,3,eom,42,7,0.06843050792095379,0.8494202188469704,0.07766479663394109,0.10992286115007012,-0.14258641004562378,0.15750274062156677,0.9652767690018685,-0.5994753913404863
n60-d15-md0.0-s42-c60-ms10-eom,60,15,0.0,60,10,eom,42,7,0.07039033153682835,0.8508900865588763,0.0741391426563598,0.10997891777933942,-0.14179924130439758,0.15242493152618408,0.9562840652899693,-0.5994822554433382
n60-d5-md0.0-s42-c60-ms5-eom,60,5,0.0,60,5,eom,42,7,0.06532745386248572,0.8525232729054385,0.07740695439454831,0.10955792416564739,-0.14289334416389465,0.16183246672153473,0.9662684251665529,-0.6003642599345419
n60-d5-md0.0-s42-c60-ms10-eom,60,5,0.0,60,10,eom,42,6,0.07937285644292014,0.8482769884043769,0.07858790136597481,0.10697179350718468,-0.14305098354816437,0.19080032408237457,0.9581386576617974,-0.6027895198881251
n60-d15-md0.0-s42-c60-ms5-eom,60,15,0.0,60,5,eom,42,6,0.07757635146170178,0.8535031847133758,0.07471671388101983,0.10658640226628895,-0.14327172935009003,0.18144071102142334,0.9710717354803912,-0.6045037342274415
n60-d15-md0.0-s42-c60-ms3-eom,60,15,0.0,60,3,eom,42,6,0.07741303282704556,0.853666503348032,0.07470348734289255,0.10656753407682776,-0.1432846635580063,0.1817416548728943,0.9741375395444009,-0.6045473481815697
