month,role,junior_ads,total_ads,junior_share_pct
2022-01-01,Analytics Engineer,0,2,0.0
2022-01-01,Data Engineer,1,54,1.9
2022-01-01,Data Scientist,0,21,0.0
2022-01-01,Software Developer,42,861,4.9
2022-02-01,Analytics Engineer,0,1,0.0
2022-02-01,Data Engineer,1,46,2.2
2022-02-01,Data Scientist,0,35,0.0
2022-02-01,Software Developer,61,1065,5.7
2022-03-01,Analytics Engineer,0,2,0.0
2022-03-01,Data Engineer,0,74,0.0
2022-03-01,Data Scientist,0,28,0.0
2022-03-01,Software Developer,94,1150,8.2
2022-04-01,Data Engineer,2,44,4.5
2022-04-01,Data Scientist,1,21,4.8
2022-04-01,Software Developer,58,944,6.1
2022-05-01,Analytics Engineer,0,3,0.0
2022-05-01,Data Engineer,3,61,4.9
2022-05-01,Data Scientist,1,41,2.4
2022-05-01,Software Developer,57,1004,5.7
2022-06-01,Analytics Engineer,0,2,0.0
2022-06-01,Data Engineer,4,55,7.3
2022-06-01,Data Scientist,0,21,0.0
2022-06-01,Software Developer,54,908,5.9
2022-07-01,Analytics Engineer,0,6,0.0
2022-07-01,Data Engineer,2,34,5.9
2022-07-01,Data Scientist,0,20,0.0
2022-07-01,Software Developer,38,609,6.2
2022-08-01,Analytics Engineer,1,2,50.0
2022-08-01,Data Engineer,2,46,4.3
2022-08-01,Data Scientist,0,29,0.0
2022-08-01,Software Developer,33,758,4.4
2022-09-01,Analytics Engineer,0,2,0.0
2022-09-01,Data Engineer,2,38,5.3
2022-09-01,Data Scientist,0,18,0.0
2022-09-01,Software Developer,62,879,7.1
2022-10-01,Data Engineer,1,72,1.4
2022-10-01,Data Scientist,0,16,0.0
2022-10-01,Software Developer,51,924,5.5
2022-11-01,Analytics Engineer,0,1,0.0
2022-11-01,Data Engineer,1,67,1.5
2022-11-01,Data Scientist,1,37,2.7
2022-11-01,Software Developer,44,872,5.0
2022-12-01,Analytics Engineer,0,2,0.0
2022-12-01,Data Engineer,1,37,2.7
2022-12-01,Data Scientist,1,28,3.6
2022-12-01,Software Developer,57,942,6.1
2023-01-01,Analytics Engineer,0,4,0.0
2023-01-01,Data Engineer,1,47,2.1
2023-01-01,Data Scientist,0,22,0.0
2023-01-01,Software Developer,43,836,5.1
2023-02-01,Analytics Engineer,0,4,0.0
2023-02-01,Data Engineer,2,54,3.7
2023-02-01,Data Scientist,0,27,0.0
2023-02-01,Software Developer,44,844,5.2
2023-03-01,Analytics Engineer,0,3,0.0
2023-03-01,Data Engineer,1,109,0.9
2023-03-01,Data Scientist,1,30,3.3
2023-03-01,Software Developer,38,1121,3.4
2023-04-01,Analytics Engineer,0,2,0.0
2023-04-01,Data Engineer,0,34,0.0
2023-04-01,Data Scientist,1,14,7.1
2023-04-01,Software Developer,28,780,3.6
2023-05-01,Analytics Engineer,0,4,0.0
2023-05-01,Data Engineer,1,66,1.5
2023-05-01,Data Scientist,1,14,7.1
2023-05-01,Software Developer,42,951,4.4
2023-06-01,Analytics Engineer,0,2,0.0
2023-06-01,Data Engineer,0,44,0.0
2023-06-01,Data Scientist,0,16,0.0
2023-06-01,Software Developer,28,702,4.0
2023-07-01,Analytics Engineer,0,1,0.0
2023-07-01,Data Engineer,1,29,3.4
2023-07-01,Data Scientist,0,18,0.0
2023-07-01,Software Developer,18,513,3.5
2023-08-01,Analytics Engineer,0,4,0.0
2023-08-01,Data Engineer,0,40,0.0
2023-08-01,Data Scientist,0,31,0.0
2023-08-01,Software Developer,35,681,5.1
2023-09-01,Analytics Engineer,0,7,0.0
2023-09-01,Data Engineer,0,39,0.0
2023-09-01,Data Scientist,1,20,5.0
2023-09-01,Software Developer,12,687,1.7
2023-10-01,Analytics Engineer,0,4,0.0
2023-10-01,Data Engineer,1,50,2.0
2023-10-01,Data Scientist,4,21,19.0
2023-10-01,Software Developer,23,644,3.6
2023-11-01,Analytics Engineer,0,2,0.0
2023-11-01,Data Engineer,0,64,0.0
2023-11-01,Data Scientist,11,36,30.6
2023-11-01,Software Developer,22,680,3.2
2023-12-01,Analytics Engineer,0,4,0.0
2023-12-01,Data Engineer,2,40,5.0
2023-12-01,Data Scientist,0,21,0.0
2023-12-01,Software Developer,22,550,4.0
2024-01-01,Analytics Engineer,0,2,0.0
2024-01-01,Data Engineer,0,43,0.0
2024-01-01,Data Scientist,0,21,0.0
2024-01-01,Software Developer,27,605,4.5
2024-02-01,Analytics Engineer,0,2,0.0
2024-02-01,Data Engineer,0,44,0.0
2024-02-01,Data Scientist,0,13,0.0
2024-02-01,Software Developer,18,618,2.9
2024-03-01,Analytics Engineer,0,5,0.0
2024-03-01,Data Engineer,0,43,0.0
2024-03-01,Data Scientist,0,18,0.0
2024-03-01,Software Developer,22,580,3.8
2024-04-01,Analytics Engineer,0,2,0.0
2024-04-01,Data Engineer,0,62,0.0
2024-04-01,Data Scientist,0,23,0.0
2024-04-01,Software Developer,18,584,3.1
2024-05-01,Analytics Engineer,0,4,0.0
2024-05-01,Data Engineer,0,43,0.0
2024-05-01,Data Scientist,0,12,0.0
2024-05-01,Software Developer,22,547,4.0
2024-06-01,Data Engineer,0,66,0.0
2024-06-01,Data Scientist,0,13,0.0
2024-06-01,Software Developer,17,626,2.7
2024-07-01,Analytics Engineer,0,1,0.0
2024-07-01,Data Engineer,0,46,0.0
2024-07-01,Data Scientist,2,13,15.4
2024-07-01,Software Developer,4,399,1.0
2024-08-01,Analytics Engineer,0,1,0.0
2024-08-01,Data Engineer,2,39,5.1
2024-08-01,Data Scientist,1,18,5.6
2024-08-01,Software Developer,9,600,1.5
2024-09-01,Analytics Engineer,0,1,0.0
2024-09-01,Data Engineer,1,70,1.4
2024-09-01,Data Scientist,0,21,0.0
2024-09-01,Software Developer,9,646,1.4
2024-10-01,Analytics Engineer,0,7,0.0
2024-10-01,Data Engineer,0,65,0.0
2024-10-01,Data Scientist,0,24,0.0
2024-10-01,Software Developer,14,654,2.1
2024-11-01,Analytics Engineer,0,5,0.0
2024-11-01,Data Engineer,0,64,0.0
2024-11-01,Data Scientist,4,21,19.0
2024-11-01,Software Developer,17,562,3.0
2024-12-01,Data Engineer,2,39,5.1
2024-12-01,Data Scientist,1,23,4.3
2024-12-01,Software Developer,14,528,2.7
2025-01-01,Analytics Engineer,0,4,0.0
2025-01-01,Data Engineer,1,63,1.6
2025-01-01,Data Scientist,2,23,8.7
2025-01-01,Software Developer,15,556,2.7
2025-02-01,Analytics Engineer,1,3,33.3
2025-02-01,Data Engineer,0,54,0.0
2025-02-01,Data Scientist,0,16,0.0
2025-02-01,Software Developer,20,489,4.1
2025-03-01,Analytics Engineer,0,1,0.0
2025-03-01,Data Engineer,0,42,0.0
2025-03-01,Data Scientist,2,25,8.0
2025-03-01,Software Developer,23,432,5.3
2025-04-01,Analytics Engineer,0,3,0.0
2025-04-01,Data Engineer,2,58,3.4
2025-04-01,Data Scientist,2,29,6.9
2025-04-01,Software Developer,22,522,4.2
2025-05-01,Analytics Engineer,0,5,0.0
2025-05-01,Data Engineer,3,70,4.3
2025-05-01,Data Scientist,0,21,0.0
2025-05-01,Software Developer,17,409,4.2
2025-06-01,Data Engineer,4,44,9.1
2025-06-01,Data Scientist,1,16,6.3
2025-06-01,Software Developer,10,364,2.7
2025-07-01,Analytics Engineer,0,4,0.0
2025-07-01,Data Engineer,0,36,0.0
2025-07-01,Data Scientist,1,22,4.5
2025-07-01,Software Developer,4,292,1.4
2025-08-01,Analytics Engineer,0,4,0.0
2025-08-01,Data Engineer,3,51,5.9
2025-08-01,Data Scientist,1,16,6.3
2025-08-01,Software Developer,12,303,4.0
2025-09-01,Analytics Engineer,0,1,0.0
2025-09-01,Data Engineer,0,59,0.0
2025-09-01,Data Scientist,0,25,0.0
2025-09-01,Software Developer,14,474,3.0
2025-10-01,Analytics Engineer,0,2,0.0
2025-10-01,Data Engineer,1,70,1.4
2025-10-01,Data Scientist,0,13,0.0
2025-10-01,Software Developer,13,482,2.7
2025-11-01,Analytics Engineer,0,3,0.0
2025-11-01,Data Engineer,1,56,1.8
2025-11-01,Data Scientist,0,15,0.0
2025-11-01,Software Developer,19,466,4.1
2025-12-01,Analytics Engineer,0,4,0.0
2025-12-01,Data Engineer,2,52,3.8
2025-12-01,Data Scientist,1,20,5.0
2025-12-01,Software Developer,18,386,4.7
