concept_id,label_en,label_sv,family,description_en,description_sv,anchor_en,anchor_sv,status,created_by,method,sort_order
autonomy,Autonomy,Autonomi,moral,Self-government: deciding for oneself.,Självbestämmande: att avgöra själv.,A person governs themselves and decides by their own will and judgement.,En människa styr sig själv och bestämmer efter sin egen vilja och sitt eget omdöme.,curated,editorial (portfolio),anchor-sentence embedding (paraphrase-multilingual-MiniLM-L12-v2),1
authority,Authority,Auktoritet,political,The right to command and be obeyed.,Rätten att befalla och bli åtlydd.,Authority: the rightful power of a ruler or institution to command and be obeyed.,Auktoritet: en härskares eller institutions rättmätiga makt att befalla och bli åtlydd.,curated,editorial (portfolio),anchor-sentence embedding (paraphrase-multilingual-MiniLM-L12-v2),2
justice,Justice,Rättvisa,moral,Giving each what is due.,Att ge var och en det som tillkommer dem.,"Justice: giving each person what is due to them, fairly and rightly.","Rättvisa: att ge var och en det som tillkommer dem, rättvist och riktigt.",curated,editorial (portfolio),anchor-sentence embedding (paraphrase-multilingual-MiniLM-L12-v2),3
fairness,Fairness,Skälighet,moral,Even-handed treatment without bias or discrimination.,Opartisk behandling utan diskriminering.,"Fair and equal treatment of people, without bias or discrimination.","Rättvis och lika behandling av människor, utan partiskhet eller diskriminering.",curated,editorial (portfolio),anchor-sentence embedding (paraphrase-multilingual-MiniLM-L12-v2),4
responsibility,Responsibility,Ansvar,moral,Being answerable for actions and their consequences.,Att stå till svars för handlingar och deras följder.,Being responsible and accountable for one’s actions and what they cause.,Att vara ansvarig och stå till svars för sina handlingar och vad de orsakar.,curated,editorial (portfolio),anchor-sentence embedding (paraphrase-multilingual-MiniLM-L12-v2),5
harm,Harm,Skada,moral,Injury and damage done to someone.,Men och skada som tillfogas någon.,"Harm: injury, damage and suffering done to a person.","Skada: men, förstörelse och lidande som tillfogas en människa.",curated,editorial (portfolio),anchor-sentence embedding (paraphrase-multilingual-MiniLM-L12-v2),6
safety,Safety,Säkerhet,regulatory,Protection from danger and harm.,Skydd mot fara och skada.,"Safety: being protected from danger, accidents and harm.","Säkerhet: att vara skyddad mot fara, olyckor och skada.",curated,editorial (portfolio),anchor-sentence embedding (paraphrase-multilingual-MiniLM-L12-v2),7
truth,Truth,Sanning,epistemic,What is really so.,Det som verkligen är så.,"Truth: what is really so, as opposed to falsehood and deception.","Sanning: det som verkligen är så, i motsats till lögn och bedrägeri.",curated,editorial (portfolio),anchor-sentence embedding (paraphrase-multilingual-MiniLM-L12-v2),8
trust,Trust,Tillit,social,Confidence that others will act well.,Förtroende för att andra handlar väl.,Trust: confidence that another person or institution will act honestly and reliably.,Tillit: förtroende för att en annan människa eller institution handlar ärligt och pålitligt.,curated,editorial (portfolio),anchor-sentence embedding (paraphrase-multilingual-MiniLM-L12-v2),9
identity,Identity,Identitet,social,Who someone is.,Vem någon är.,"Identity: who a person or people is, their name, origin and self.","Identitet: vem en människa eller ett folk är, deras namn, ursprung och jag.",curated,editorial (portfolio),anchor-sentence embedding (paraphrase-multilingual-MiniLM-L12-v2),10
freedom,Freedom,Frihet,political,Being free from restraint.,Att vara fri från tvång.,Freedom: liberty to act and speak without restraint or coercion.,Frihet: att fritt kunna handla och tala utan tvång eller hinder.,curated,editorial (portfolio),anchor-sentence embedding (paraphrase-multilingual-MiniLM-L12-v2),11
control,Control,Kontroll,political,Restraining and directing what others do.,Att begränsa och styra vad andra gör.,"Control: power to restrain, direct and govern what others do.","Kontroll: makten att begränsa, styra och reglera vad andra gör.",curated,editorial (portfolio),anchor-sentence embedding (paraphrase-multilingual-MiniLM-L12-v2),12
transparency,Transparency,Transparens,regulatory,Openness to view and scrutiny.,Öppenhet för insyn och granskning.,"Transparency: openness, so that decisions and workings can be seen and examined.","Transparens: öppenhet, så att beslut och hur något fungerar kan ses och granskas.",curated,editorial (portfolio),anchor-sentence embedding (paraphrase-multilingual-MiniLM-L12-v2),13
dignity,Dignity,Värdighet,moral,The worth of every person.,Varje människas värde.,"Human dignity: the inherent worth of every person, to be respected.","Människovärde: varje människas inneboende värde, som ska respekteras.",curated,editorial (portfolio),anchor-sentence embedding (paraphrase-multilingual-MiniLM-L12-v2),14
equality,Equality,Jämlikhet,political,Equal standing and rights.,Samma ställning och samma rättigheter.,Equality: all people having the same standing and the same rights.,Jämlikhet: att alla människor har samma ställning och samma rättigheter.,curated,editorial (portfolio),anchor-sentence embedding (paraphrase-multilingual-MiniLM-L12-v2),15
punishment,Punishment,Straff,political,Penalty for wrongdoing.,Påföljd för en oförrätt.,Punishment: a penalty imposed for a crime or wrongdoing.,Straff: ett påföljd som utdöms för ett brott eller en oförrätt.,curated,editorial (portfolio),anchor-sentence embedding (paraphrase-multilingual-MiniLM-L12-v2),16
care,Care,Omsorg,moral,Looking after others.,Att ta hand om andra.,Care: looking after and protecting those who need help.,Omsorg: att ta hand om och skydda dem som behöver hjälp.,curated,editorial (portfolio),anchor-sentence embedding (paraphrase-multilingual-MiniLM-L12-v2),17
knowledge,Knowledge,Kunskap,epistemic,Knowing and understanding.,Att veta och förstå.,Knowledge: knowing and understanding things through learning and reason.,Kunskap: att veta och förstå genom lärande och förnuft.,curated,editorial (portfolio),anchor-sentence embedding (paraphrase-multilingual-MiniLM-L12-v2),18
nature,Nature,Natur,symbolic,The natural world.,Den naturliga världen.,"Nature: the natural world of earth, sea, sky, plants and animals.","Naturen: den naturliga världen av jord, hav, himmel, växter och djur.",curated,editorial (portfolio),anchor-sentence embedding (paraphrase-multilingual-MiniLM-L12-v2),19
death,Death,Död,symbolic,The end of life.,Livets slut.,"Death: the end of life, dying and the dead.","Döden: livets slut, att dö och de döda.",curated,editorial (portfolio),anchor-sentence embedding (paraphrase-multilingual-MiniLM-L12-v2),20
transformation,Transformation,Förvandling,symbolic,Changing from one form into another.,Att förändras från en form till en annan.,Transformation: changing from one form or state into another.,Förvandling: att förändras från en form eller ett tillstånd till ett annat.,curated,editorial (portfolio),anchor-sentence embedding (paraphrase-multilingual-MiniLM-L12-v2),21
order,Order,Ordning,political,Stable arrangement and rule.,Stabil ordning och styre.,"Order: stable arrangement, law and harmony in society or the world.","Ordning: stabil ordning, lag och harmoni i samhället eller världen.",curated,editorial (portfolio),anchor-sentence embedding (paraphrase-multilingual-MiniLM-L12-v2),22
chaos,Chaos,Kaos,symbolic,Disorder and breakdown.,Oordning och upplösning.,"Chaos: disorder, confusion and the breakdown of all structure.","Kaos: oordning, förvirring och upplösning av all struktur.",curated,editorial (portfolio),anchor-sentence embedding (paraphrase-multilingual-MiniLM-L12-v2),23
risk,Risk,Risk,regulatory,The chance of harm.,Möjligheten att skada uppstår.,Risk: the probability and severity of possible harm or loss.,Risk: sannolikheten för och allvaret i en möjlig skada eller förlust.,curated,editorial (portfolio),anchor-sentence embedding (paraphrase-multilingual-MiniLM-L12-v2),24
innovation,Innovation,Innovation,social,New inventions and ideas.,Nya uppfinningar och idéer.,"Innovation: new inventions, technologies and ideas put to use.","Innovation: nya uppfinningar, tekniker och idéer som tas i bruk.",curated,editorial (portfolio),anchor-sentence embedding (paraphrase-multilingual-MiniLM-L12-v2),25
privacy,Privacy,Integritet,regulatory,A protected private sphere.,En skyddad privat sfär.,Privacy: a person’s private life and personal information protected from others.,Personlig integritet: en människas privatliv och personuppgifter skyddade från andra.,curated,editorial (portfolio),anchor-sentence embedding (paraphrase-multilingual-MiniLM-L12-v2),26
power,Power,Makt,political,The capacity to rule and compel.,Förmågan att härska och tvinga.,"Power: the capacity to rule, compel and impose one’s will on others.","Makt: förmågan att härska, tvinga och påtvinga andra sin vilja.",curated,editorial (portfolio),anchor-sentence embedding (paraphrase-multilingual-MiniLM-L12-v2),27
duty,Duty,Plikt,moral,What one is bound to do.,Det man är förpliktad att göra.,Duty: what one is morally bound and obliged to do.,Plikt: det man är moraliskt bunden och förpliktad att göra.,curated,editorial (portfolio),anchor-sentence embedding (paraphrase-multilingual-MiniLM-L12-v2),28
